show_id,rating
1,PG-13
2,TV-MA
3,TV-MA
4,TV-MA
5,TV-MA
6,TV-MA
7,PG
8,TV-MA
9,TV-14
10,PG-13
11,TV-MA
12,TV-MA
13,TV-MA
14,TV-PG
15,TV-MA
16,TV-MA
17,TV-MA
18,TV-MA
19,TV-14
20,TV-MA
21,TV-14
22,TV-14
23,TV-PG
24,TV-Y
25,TV-14
26,TV-14
27,TV-PG
28,PG-13
29,PG-13
30,PG-13
31,TV-14
32,TV-MA
33,TV-MA
34,TV-MA
35,TV-Y7
36,TV-MA
37,TV-MA
38,TV-Y7
39,PG-13
40,TV-Y7
41,TV-Y7
42,PG
43,PG
44,PG
45,PG-13
46,PG
47,R
48,TV-MA
49,R
50,TV-MA
51,TV-PG
52,TV-14
53,TV-14
54,TV-PG
55,TV-PG
56,TV-PG
57,TV-14
58,TV-PG
59,TV-PG
60,TV-PG
61,TV-14
62,TV-PG
63,TV-PG
64,TV-PG
65,TV-PG
66,TV-Y
67,TV-G
68,TV-PG
69,TV-14
70,TV-PG
71,TV-MA
72,TV-Y
73,TV-MA
74,TV-MA
75,TV-PG
76,TV-G
77,TV-14
78,TV-Y7
79,TV-14
80,TV-14
81,TV-Y7
82,R
83,TV-14
84,TV-MA
85,TV-MA
86,TV-Y7
87,TV-MA
88,TV-Y
89,PG-13
90,TV-Y7
91,TV-MA
92,TV-14
93,TV-MA
94,TV-MA
95,PG
96,TV-MA
97,TV-MA
98,TV-Y7
99,TV-Y
100,TV-MA
101,TV-Y7
102,TV-MA
103,TV-14
104,TV-MA
105,TV-Y
106,TV-14
107,TV-G
108,G
109,TV-G
110,TV-MA
111,TV-MA
112,TV-Y
113,PG-13
114,TV-PG
115,TV-14
116,PG
117,TV-PG
118,PG-13
119,TV-14
120,TV-MA
121,TV-Y7
122,TV-14
123,R
124,TV-Y7
125,TV-Y7
126,TV-MA
127,TV-14
128,PG
129,PG-13
130,PG-13
131,TV-Y
132,R
133,TV-MA
134,R
135,PG-13
136,R
137,R
138,PG
139,PG-13
140,R
141,TV-MA
142,R
143,PG-13
144,PG-13
145,R
146,R
147,R
148,TV-PG
149,TV-14
150,R
151,R
152,TV-14
153,TV-MA
154,TV-Y
155,TV-MA
156,PG
157,PG
158,TV-14
159,PG-13
160,TV-MA
161,TV-PG
162,PG-13
163,PG-13
164,R
165,PG-13
166,TV-MA
167,R
168,PG
169,PG
170,PG-13
171,R
172,PG-13
173,PG-13
174,PG-13
175,R
176,R
177,PG-13
178,TV-14
179,R
180,PG-13
181,PG-13
182,TV-14
183,PG-13
184,R
185,TV-PG
186,TV-MA
187,TV-14
188,TV-G
189,TV-MA
190,TV-Y
191,TV-14
192,R
193,TV-14
194,TV-MA
195,TV-MA
196,TV-14
197,TV-14
198,TV-Y7
199,TV-MA
200,TV-14
201,TV-14
202,TV-14
203,TV-MA
204,TV-MA
205,TV-MA
206,TV-14
207,TV-MA
208,TV-14
209,TV-14
210,TV-14
211,TV-MA
212,TV-MA
213,TV-MA
214,TV-PG
215,R
216,TV-MA
217,TV-14
218,TV-14
219,TV-14
220,TV-14
221,TV-PG
222,TV-14
223,TV-MA
224,TV-MA
225,TV-14
226,TV-MA
227,TV-MA
228,TV-MA
229,R
230,TV-MA
231,TV-MA
232,PG
233,TV-G
234,TV-MA
235,TV-Y
236,TV-PG
237,TV-14
238,TV-14
239,TV-14
240,TV-14
241,TV-MA
242,TV-14
243,TV-MA
244,TV-MA
245,TV-14
246,TV-PG
247,TV-MA
248,R
249,TV-MA
250,TV-Y7
251,TV-PG
252,PG-13
253,TV-MA
254,TV-14
255,TV-Y
256,TV-MA
257,TV-14
258,TV-14
259,TV-MA
260,TV-PG
261,TV-MA
262,TV-14
263,TV-MA
264,TV-Y
265,R
266,TV-14
267,TV-MA
268,R
269,TV-MA
270,TV-Y7
271,TV-MA
272,TV-MA
273,TV-Y7
274,TV-MA
275,TV-MA
276,TV-MA
277,TV-MA
278,TV-14
279,TV-MA
280,TV-PG
281,TV-PG
282,TV-14
283,TV-MA
284,PG-13
285,TV-14
286,R
287,TV-Y
288,TV-14
289,TV-MA
290,TV-14
291,TV-MA
292,TV-14
293,PG-13
294,TV-MA
295,TV-PG
296,PG-13
297,TV-MA
298,TV-MA
299,TV-MA
300,TV-14
301,PG
302,TV-14
303,TV-MA
304,TV-MA
305,TV-14
306,TV-MA
307,TV-PG
308,TV-MA
309,TV-MA
310,TV-PG
311,TV-MA
312,TV-MA
313,TV-MA
314,TV-14
315,R
316,TV-MA
317,TV-14
318,PG-13
319,TV-MA
320,TV-14
321,TV-PG
322,TV-14
323,TV-MA
324,TV-14
325,TV-Y7
326,PG
327,PG
328,PG-13
329,R
330,PG-13
331,PG
332,TV-MA
333,R
334,PG-13
335,PG-13
336,R
337,TV-14
338,R
339,TV-14
340,TV-14
341,PG-13
342,R
343,PG-13
344,PG-13
345,PG
346,PG
347,R
348,PG
349,PG-13
350,PG-13
351,PG-13
352,R
353,R
354,R
355,R
356,R
357,PG-13
358,R
359,PG-13
360,R
361,PG-13
362,TV-14
363,TV-14
364,R
365,TV-Y7
366,TV-14
367,TV-14
368,TV-14
369,TV-14
370,TV-14
371,TV-MA
372,TV-14
373,TV-MA
374,TV-MA
375,TV-PG
376,TV-14
377,TV-Y7
378,TV-MA
379,TV-14
380,TV-MA
381,TV-14
382,TV-MA
383,TV-14
384,TV-MA
385,TV-14
386,TV-MA
387,TV-Y
388,TV-14
389,TV-MA
390,TV-MA
391,TV-MA
392,TV-MA
393,R
394,PG
395,TV-MA
396,TV-MA
397,TV-MA
398,TV-MA
399,TV-MA
400,TV-PG
401,TV-PG
402,TV-MA
403,TV-MA
404,TV-MA
405,TV-MA
406,TV-Y
407,TV-Y7
408,TV-Y7
409,TV-Y7
410,TV-Y7
411,TV-Y7
412,TV-Y7
413,TV-Y7
414,TV-Y7
415,TV-Y7
416,TV-Y7
417,TV-Y7
418,TV-Y7
419,TV-Y
420,TV-Y7
421,TV-Y7
422,TV-Y7
423,TV-Y7
424,TV-Y7
425,TV-Y7
426,TV-14
427,TV-MA
428,TV-14
429,TV-G
430,TV-14
431,TV-14
432,TV-MA
433,TV-Y7
434,TV-MA
435,TV-MA
436,TV-MA
437,TV-14
438,R
439,TV-PG
440,TV-MA
441,TV-MA
442,R
443,TV-Y7
444,R
445,TV-14
446,R
447,PG-13
448,PG-13
449,PG-13
450,PG-13
451,PG-13
452,PG-13
453,TV-PG
454,TV-MA
455,TV-MA
456,TV-MA
457,TV-14
458,TV-PG
459,TV-14
460,TV-14
461,PG
462,TV-14
463,TV-MA
464,TV-MA
465,R
466,TV-MA
467,TV-MA
468,TV-MA
469,TV-MA
470,TV-MA
471,TV-14
472,TV-PG
473,TV-Y
474,TV-MA
475,R
476,TV-MA
477,TV-MA
478,TV-14
479,TV-MA
480,R
481,TV-14
482,TV-MA
483,TV-MA
484,TV-MA
485,TV-G
486,TV-14
487,PG
488,TV-MA
489,TV-14
490,TV-14
491,TV-MA
492,PG-13
493,PG-13
494,TV-MA
495,R
496,TV-MA
497,PG-13
498,TV-14
499,TV-MA
500,TV-PG
501,TV-MA
502,TV-MA
503,TV-14
504,TV-MA
505,TV-MA
506,TV-PG
507,TV-G
508,TV-14
509,TV-MA
510,TV-Y
511,TV-14
512,TV-MA
513,TV-Y7
514,TV-14
515,TV-MA
516,TV-MA
517,TV-MA
518,TV-14
519,TV-14
520,TV-MA
521,TV-MA
522,TV-MA
523,TV-Y7
524,TV-MA
525,TV-MA
526,TV-Y
527,TV-MA
528,TV-Y
529,TV-14
530,TV-MA
531,TV-G
532,TV-PG
533,TV-MA
534,TV-14
535,TV-G
536,TV-Y
537,TV-14
538,TV-14
539,TV-PG
540,TV-PG
541,TV-G
542,TV-14
543,TV-14
544,TV-MA
545,TV-MA
546,TV-Y
547,TV-14
548,TV-Y7
549,TV-14
550,TV-14
551,R
552,TV-MA
553,TV-MA
554,TV-MA
555,TV-MA
556,R
557,TV-14
558,PG-13
559,R
560,R
561,PG-13
562,PG-13
563,PG-13
564,PG-13
565,R
566,TV-G
567,PG-13
568,PG-13
569,PG
570,TV-14
571,TV-14
572,TV-MA
573,PG-13
574,PG
575,PG
576,PG-13
577,R
578,TV-MA
579,PG-13
580,R
581,TV-14
582,PG-13
583,PG-13
584,R
585,R
586,PG-13
587,R
588,TV-MA
589,TV-Y
590,R
591,TV-Y7
592,PG-13
593,R
594,PG
595,PG-13
596,PG
597,R
598,PG-13
599,R
600,PG-13
601,R
602,PG
603,PG
604,PG
605,R
606,R
607,PG-13
608,R
609,PG-13
610,PG-13
611,R
612,R
613,R
614,TV-MA
615,PG-13
616,R
617,R
618,TV-MA
619,TV-MA
620,TV-14
621,TV-MA
622,TV-14
623,R
624,TV-MA
625,TV-MA
626,TV-MA
627,TV-MA
628,TV-14
629,TV-Y
630,TV-14
631,R
632,TV-14
633,TV-14
634,TV-MA
635,TV-14
636,TV-MA
637,PG-13
638,TV-MA
639,TV-MA
640,TV-14
641,TV-MA
642,PG
643,TV-MA
644,R
645,TV-MA
646,TV-14
647,TV-MA
648,TV-G
649,TV-MA
650,TV-14
651,TV-14
652,TV-MA
653,TV-14
654,TV-MA
655,TV-MA
656,TV-MA
657,TV-MA
658,TV-14
659,TV-14
660,TV-14
661,TV-14
662,TV-MA
663,TV-14
664,TV-MA
665,TV-Y
666,TV-MA
667,TV-14
668,TV-14
669,TV-MA
670,TV-MA
671,TV-14
672,TV-MA
673,TV-14
674,TV-MA
675,TV-MA
676,TV-MA
677,TV-14
678,TV-MA
679,TV-MA
680,TV-MA
681,TV-MA
682,TV-MA
683,TV-MA
684,TV-MA
685,TV-MA
686,PG-13
687,TV-14
688,TV-MA
689,TV-14
690,TV-14
691,TV-14
692,TV-14
693,TV-14
694,TV-14
695,TV-PG
696,TV-14
697,TV-MA
698,TV-MA
699,TV-MA
700,TV-MA
701,TV-MA
702,TV-MA
703,R
704,TV-MA
705,TV-14
706,TV-14
707,TV-MA
708,TV-14
709,PG-13
710,TV-MA
711,TV-PG
712,TV-MA
713,TV-MA
714,TV-Y7
715,TV-MA
716,TV-MA
717,TV-MA
718,TV-G
719,R
720,TV-G
721,TV-Y
722,R
723,TV-MA
724,TV-G
725,TV-14
726,TV-MA
727,TV-MA
728,TV-MA
729,TV-MA
730,TV-MA
731,TV-MA
732,TV-14
733,TV-MA
734,TV-Y7
735,TV-MA
736,TV-PG
737,PG
738,TV-MA
739,TV-14
740,PG
741,R
742,TV-MA
743,TV-MA
744,TV-MA
745,TV-MA
746,TV-14
747,TV-MA
748,TV-MA
749,TV-PG
750,TV-MA
751,TV-MA
752,TV-Y7
753,PG-13
754,TV-MA
755,R
756,TV-G
757,TV-MA
758,TV-PG
759,TV-MA
760,TV-G
761,TV-G
762,TV-PG
763,TV-14
764,TV-14
765,TV-14
766,TV-MA
767,TV-MA
768,TV-14
769,TV-MA
770,TV-G
771,TV-14
772,TV-14
773,TV-MA
774,TV-MA
775,PG-13
776,TV-MA
777,PG-13
778,TV-MA
779,TV-MA
780,PG-13
781,TV-Y
782,TV-14
783,R
784,TV-MA
785,TV-MA
786,TV-Y
787,R
788,R
789,PG-13
790,TV-14
791,TV-MA
792,R
793,PG
794,PG-13
795,TV-14
796,TV-14
797,R
798,PG-13
799,R
800,PG-13
801,TV-14
802,R
803,R
804,TV-PG
805,R
806,TV-14
807,TV-14
808,TV-PG
809,R
810,PG-13
811,PG
812,TV-Y
813,R
814,TV-Y7
815,PG
816,TV-MA
817,PG-13
818,PG-13
819,PG-13
820,PG
821,TV-14
822,R
823,R
824,TV-MA
825,R
826,TV-MA
827,TV-MA
828,TV-14
829,PG-13
830,TV-Y7
831,TV-MA
832,TV-MA
833,TV-14
834,TV-MA
835,TV-PG
836,TV-PG
837,TV-MA
838,TV-MA
839,TV-MA
840,TV-MA
841,TV-MA
842,TV-MA
843,TV-14
844,TV-MA
845,TV-MA
846,TV-14
847,PG
848,TV-MA
849,TV-MA
850,TV-G
851,TV-14
852,TV-14
853,TV-14
854,R
855,TV-MA
856,TV-Y7
857,TV-MA
858,TV-MA
859,TV-14
860,TV-14
861,TV-MA
862,TV-Y7
863,TV-MA
864,PG
865,TV-14
866,R
867,R
868,PG-13
869,TV-Y
870,TV-MA
871,TV-14
872,TV-14
873,R
874,TV-MA
875,TV-Y
876,TV-MA
877,TV-MA
878,TV-MA
879,TV-MA
880,TV-MA
881,TV-MA
882,TV-MA
883,TV-Y7
884,TV-MA
885,TV-MA
886,TV-MA
887,TV-14
888,TV-MA
889,TV-14
890,R
891,TV-MA
892,R
893,TV-MA
894,TV-14
895,TV-MA
896,TV-14
897,TV-14
898,TV-14
899,TV-14
900,TV-MA
901,TV-14
902,TV-PG
903,TV-14
904,TV-MA
905,R
906,TV-14
907,TV-MA
908,TV-MA
909,TV-MA
910,TV-14
911,TV-MA
912,TV-Y7
913,TV-14
914,TV-PG
915,TV-MA
916,TV-MA
917,R
918,TV-MA
919,TV-PG
920,TV-MA
921,TV-PG
922,TV-MA
923,TV-MA
924,TV-Y
925,PG
926,TV-Y
927,R
928,TV-Y
929,PG-13
930,R
931,R
932,PG-13
933,R
934,G
935,R
936,PG
937,TV-Y7
938,TV-Y7
939,TV-Y7
940,TV-Y7
941,TV-Y7
942,TV-Y7
943,R
944,PG-13
945,TV-MA
946,TV-MA
947,PG-13
948,PG-13
949,TV-14
950,PG-13
951,PG-13
952,R
953,R
954,R
955,TV-PG
956,R
957,R
958,TV-PG
959,TV-14
960,TV-MA
961,TV-MA
962,PG
963,R
964,TV-MA
965,TV-MA
966,TV-MA
967,TV-MA
968,TV-G
969,TV-MA
970,R
971,PG-13
972,R
973,TV-MA
974,TV-PG
975,TV-14
976,TV-14
977,TV-14
978,TV-14
979,TV-MA
980,TV-MA
981,TV-MA
982,TV-MA
983,TV-14
984,TV-MA
985,TV-MA
986,TV-MA
987,TV-14
988,TV-MA
989,TV-14
990,TV-MA
991,TV-MA
992,TV-G
993,TV-G
994,TV-14
995,TV-14
996,TV-MA
997,TV-MA
998,TV-PG
999,TV-14
1000,TV-MA
1001,TV-MA
1002,TV-14
1003,TV-MA
1004,TV-MA
1005,TV-Y
1006,TV-Y
1007,TV-Y7
1008,TV-Y
1009,TV-Y
1010,TV-Y7
1011,TV-Y7
1012,TV-14
1013,TV-MA
1014,R
1015,TV-Y
1016,R
1017,TV-MA
1018,TV-MA
1019,TV-14
1020,PG
1021,TV-14
1022,TV-MA
1023,PG
1024,TV-MA
1025,TV-Y7
1026,TV-Y7
1027,TV-Y
1028,R
1029,TV-14
1030,TV-MA
1031,TV-MA
1032,TV-14
1033,TV-14
1034,R
1035,R
1036,PG-13
1037,TV-14
1038,TV-14
1039,TV-PG
1040,TV-MA
1041,TV-MA
1042,TV-MA
1043,TV-PG
1044,TV-14
1045,TV-MA
1046,TV-14
1047,TV-14
1048,TV-14
1049,TV-Y
1050,TV-Y
1051,TV-MA
1052,TV-Y7
1053,R
1054,TV-MA
1055,TV-14
1056,R
1057,TV-PG
1058,TV-14
1059,TV-MA
1060,TV-MA
1061,TV-14
1062,TV-MA
1063,TV-14
1064,TV-MA
1065,TV-MA
1066,TV-MA
1067,TV-MA
1068,TV-MA
1069,TV-MA
1070,TV-14
1071,TV-MA
1072,TV-Y7
1073,TV-Y7
1074,TV-Y7
1075,TV-Y7
1076,TV-PG
1077,TV-Y7
1078,TV-Y7
1079,TV-Y
1080,TV-PG
1081,TV-14
1082,TV-G
1083,TV-14
1084,R
1085,TV-14
1086,TV-MA
1087,TV-MA
1088,TV-14
1089,PG-13
1090,TV-MA
1091,TV-PG
1092,TV-MA
1093,TV-PG
1094,TV-14
1095,TV-MA
1096,TV-MA
1097,TV-Y7
1098,TV-MA
1099,TV-14
1100,TV-MA
1101,TV-MA
1102,PG
1103,PG-13
1104,R
1105,TV-Y
1106,R
1107,R
1108,TV-MA
1109,TV-MA
1110,TV-MA
1111,TV-MA
1112,PG-13
1113,PG
1114,PG-13
1115,PG-13
1116,TV-PG
1117,TV-PG
1118,TV-PG
1119,PG-13
1120,R
1121,PG-13
1122,PG-13
1123,TV-14
1124,TV-G
1125,R
1126,TV-MA
1127,G
1128,TV-MA
1129,R
1130,TV-PG
1131,TV-14
1132,TV-14
1133,TV-14
1134,R
1135,R
1136,PG-13
1137,TV-14
1138,TV-PG
1139,R
1140,PG-13
1141,R
1142,TV-14
1143,TV-MA
1144,TV-MA
1145,PG-13
1146,PG-13
1147,TV-14
1148,TV-MA
1149,TV-Y
1150,TV-Y7
1151,TV-PG
1152,TV-Y
1153,TV-Y
1154,PG-13
1155,R
1156,TV-PG
1157,TV-PG
1158,TV-MA
1159,TV-G
1160,TV-MA
1161,TV-MA
1162,TV-PG
1163,TV-14
1164,TV-MA
1165,TV-MA
1166,TV-PG
1167,TV-14
1168,TV-14
1169,TV-MA
1170,TV-Y7
1171,TV-Y7
1172,TV-14
1173,TV-MA
1174,TV-14
1175,TV-14
1176,PG-13
1177,TV-MA
1178,TV-MA
1179,R
1180,TV-Y7
1181,TV-Y7
1182,TV-PG
1183,TV-MA
1184,TV-G
1185,TV-14
1186,TV-MA
1187,TV-MA
1188,R
1189,TV-14
1190,TV-G
1191,R
1192,PG-13
1193,TV-MA
1194,TV-PG
1195,TV-14
1196,R
1197,TV-14
1198,PG-13
1199,TV-MA
1200,R
1201,TV-Y
1202,TV-14
1203,TV-14
1204,PG
1205,TV-14
1206,TV-MA
1207,TV-G
1208,TV-14
1209,TV-MA
1210,TV-G
1211,TV-MA
1212,TV-14
1213,TV-MA
1214,TV-MA
1215,TV-MA
1216,TV-MA
1217,TV-MA
1218,TV-MA
1219,PG
1220,TV-PG
1221,TV-MA
1222,TV-14
1223,TV-MA
1224,TV-MA
1225,TV-MA
1226,TV-G
1227,TV-14
1228,TV-MA
1229,PG-13
1230,TV-14
1231,TV-14
1232,TV-Y7
1233,TV-MA
1234,TV-14
1235,TV-MA
1236,TV-Y7
1237,TV-MA
1238,TV-14
1239,TV-14
1240,R
1241,PG-13
1242,PG-13
1243,TV-14
1244,PG-13
1245,TV-14
1246,TV-Y
1247,TV-MA
1248,TV-PG
1249,R
1250,TV-MA
1251,TV-G
1252,PG-13
1253,TV-14
1254,TV-Y
1255,R
1256,TV-14
1257,R
1258,TV-14
1259,TV-Y7
1260,R
1261,TV-MA
1262,TV-MA
1263,TV-MA
1264,R
1265,R
1266,TV-MA
1267,TV-MA
1268,TV-MA
1269,TV-MA
1270,TV-PG
1271,TV-MA
1272,TV-MA
1273,TV-MA
1274,TV-14
1275,TV-PG
1276,TV-14
1277,TV-MA
1278,TV-14
1279,TV-G
1280,TV-14
1281,TV-14
1282,TV-14
1283,TV-MA
1284,R
1285,R
1286,TV-14
1287,TV-MA
1288,TV-14
1289,PG-13
1290,TV-G
1291,R
1292,TV-14
1293,TV-PG
1294,TV-MA
1295,TV-MA
1296,TV-MA
1297,TV-14
1298,TV-14
1299,TV-14
1300,TV-MA
1301,TV-MA
1302,TV-MA
1303,TV-14
1304,TV-PG
1305,TV-PG
1306,TV-14
1307,TV-MA
1308,PG
1309,TV-Y7
1310,TV-14
1311,TV-14
1312,TV-14
1313,TV-MA
1314,TV-14
1315,TV-MA
1316,TV-MA
1317,TV-MA
1318,TV-G
1319,TV-14
1320,TV-Y7
1321,TV-MA
1322,TV-MA
1323,TV-14
1324,TV-14
1325,R
1326,TV-MA
1327,TV-14
1328,TV-MA
1329,TV-MA
1330,TV-MA
1331,PG
1332,TV-MA
1333,TV-G
1334,R
1335,TV-14
1336,TV-MA
1337,TV-MA
1338,TV-PG
1339,TV-MA
1340,TV-MA
1341,TV-14
1342,R
1343,TV-MA
1344,R
1345,TV-MA
1346,TV-14
1347,TV-MA
1348,TV-MA
1349,TV-MA
1350,TV-MA
1351,TV-Y7
1352,TV-PG
1353,TV-MA
1354,PG-13
1355,TV-14
1356,TV-14
1357,TV-14
1358,TV-MA
1359,R
1360,R
1361,TV-MA
1362,TV-14
1363,TV-PG
1364,TV-14
1365,PG
1366,TV-Y7
1367,PG-13
1368,R
1369,TV-MA
1370,PG
1371,PG-13
1372,TV-14
1373,TV-PG
1374,TV-MA
1375,TV-14
1376,TV-MA
1377,TV-MA
1378,TV-MA
1379,TV-14
1380,TV-14
1381,TV-Y
1382,TV-14
1383,TV-PG
1384,TV-14
1385,TV-14
1386,TV-14
1387,TV-MA
1388,PG-13
1389,R
1390,R
1391,R
1392,R
1393,TV-MA
1394,TV-14
1395,TV-MA
1396,TV-Y
1397,R
1398,PG-13
1399,R
1400,TV-14
1401,TV-MA
1402,TV-Y7
1403,TV-14
1404,TV-G
1405,TV-G
1406,R
1407,PG
1408,TV-Y
1409,TV-MA
1410,R
1411,TV-MA
1412,TV-14
1413,TV-PG
1414,TV-MA
1415,TV-14
1416,R
1417,TV-MA
1418,TV-MA
1419,TV-MA
1420,TV-MA
1421,TV-MA
1422,R
1423,TV-14
1424,TV-14
1425,TV-Y7
1426,TV-14
1427,TV-MA
1428,TV-MA
1429,TV-MA
1430,TV-Y
1431,TV-14
1432,TV-MA
1433,TV-14
1434,TV-14
1435,PG
1436,R
1437,TV-MA
1438,TV-MA
1439,TV-14
1440,TV-MA
1441,TV-PG
1442,TV-14
1443,TV-G
1444,TV-14
1445,PG-13
1446,TV-14
1447,TV-MA
1448,R
1449,TV-14
1450,TV-G
1451,R
1452,TV-Y
1453,PG-13
1454,PG
1455,PG-13
1456,TV-G
1457,R
1458,TV-MA
1459,R
1460,PG-13
1461,TV-MA
1462,R
1463,TV-Y7
1464,TV-Y
1465,TV-14
1466,TV-G
1467,TV-14
1468,PG-13
1469,TV-MA
1470,PG-13
1471,TV-MA
1472,TV-MA
1473,TV-14
1474,TV-14
1475,TV-PG
1476,TV-14
1477,TV-G
1478,TV-MA
1479,TV-MA
1480,TV-MA
1481,TV-14
1482,TV-MA
1483,TV-Y7
1484,TV-PG
1485,PG-13
1486,PG
1487,TV-MA
1488,TV-MA
1489,TV-MA
1490,TV-PG
1491,TV-Y
1492,TV-MA
1493,TV-MA
1494,TV-G
1495,PG
1496,TV-MA
1497,TV-G
1498,TV-14
1499,TV-14
1500,PG-13
1501,TV-MA
1502,R
1503,TV-MA
1504,TV-14
1505,TV-14
1506,TV-Y
1507,TV-Y
1508,TV-Y
1509,TV-Y
1510,TV-MA
1511,R
1512,TV-14
1513,TV-MA
1514,PG-13
1515,TV-MA
1516,R
1517,TV-MA
1518,R
1519,TV-PG
1520,TV-PG
1521,TV-MA
1522,TV-PG
1523,TV-14
1524,TV-14
1525,R
1526,TV-14
1527,TV-14
1528,TV-Y
1529,TV-MA
1530,TV-14
1531,TV-MA
1532,TV-PG
1533,TV-MA
1534,TV-MA
1535,TV-MA
1536,TV-MA
1537,PG-13
1538,PG-13
1539,TV-14
1540,TV-14
1541,R
1542,TV-MA
1543,TV-MA
1544,TV-14
1545,R
1546,TV-Y
1547,TV-MA
1548,TV-14
1549,TV-14
1550,TV-14
1551,PG-13
1552,TV-Y7
1553,TV-MA
1554,TV-MA
1555,TV-14
1556,TV-Y
1557,TV-Y
1558,G
1559,PG-13
1560,TV-MA
1561,PG-13
1562,TV-MA
1563,TV-MA
1564,TV-MA
1565,TV-14
1566,TV-G
1567,TV-14
1568,TV-MA
1569,TV-MA
1570,TV-14
1571,TV-14
1572,TV-14
1573,TV-G
1574,TV-PG
1575,TV-14
1576,TV-PG
1577,PG
1578,TV-MA
1579,TV-PG
1580,TV-14
1581,TV-Y7
1582,TV-Y
1583,R
1584,TV-14
1585,R
1586,TV-14
1587,TV-MA
1588,TV-MA
1589,TV-Y
1590,TV-MA
1591,TV-MA
1592,TV-Y7
1593,TV-MA
1594,TV-MA
1595,TV-MA
1596,R
1597,TV-MA
1598,TV-PG
1599,TV-14
1600,TV-MA
1601,TV-Y
1602,TV-MA
1603,TV-14
1604,TV-PG
1605,TV-MA
1606,TV-14
1607,TV-MA
1608,TV-MA
1609,PG-13
1610,TV-Y
1611,PG-13
1612,TV-14
1613,R
1614,PG-13
1615,TV-Y
1616,TV-14
1617,PG
1618,TV-MA
1619,TV-Y
1620,TV-Y
1621,R
1622,PG-13
1623,TV-MA
1624,TV-14
1625,PG-13
1626,TV-14
1627,R
1628,TV-PG
1629,TV-PG
1630,TV-MA
1631,TV-PG
1632,R
1633,TV-Y
1634,TV-MA
1635,TV-14
1636,TV-Y
1637,TV-PG
1638,TV-MA
1639,TV-MA
1640,TV-14
1641,TV-MA
1642,TV-14
1643,TV-MA
1644,TV-MA
1645,TV-PG
1646,TV-14
1647,TV-MA
1648,TV-14
1649,R
1650,TV-MA
1651,TV-PG
1652,PG
1653,TV-14
1654,TV-14
1655,TV-MA
1656,TV-Y
1657,R
1658,TV-MA
1659,TV-14
1660,R
1661,TV-MA
1662,TV-MA
1663,TV-14
1664,TV-PG
1665,R
1666,TV-14
1667,TV-Y
1668,TV-G
1669,TV-14
1670,PG
1671,TV-MA
1672,TV-PG
1673,TV-PG
1674,TV-MA
1675,TV-14
1676,TV-14
1677,TV-14
1678,TV-14
1679,TV-MA
1680,TV-14
1681,TV-14
1682,TV-G
1683,TV-G
1684,TV-14
1685,TV-G
1686,TV-PG
1687,TV-MA
1688,TV-Y7
1689,TV-MA
1690,PG-13
1691,R
1692,TV-G
1693,TV-14
1694,TV-Y
1695,PG
1696,TV-G
1697,TV-Y
1698,TV-14
1699,TV-MA
1700,TV-G
1701,TV-14
1702,TV-MA
1703,TV-Y7
1704,PG
1705,TV-PG
1706,PG-13
1707,TV-MA
1708,TV-G
1709,TV-MA
1710,TV-MA
1711,R
1712,TV-MA
1713,TV-MA
1714,TV-MA
1715,PG-13
1716,TV-14
1717,TV-MA
1718,TV-MA
1719,TV-MA
1720,TV-14
1721,TV-MA
1722,TV-14
1723,TV-14
1724,TV-Y7
1725,TV-PG
1726,TV-MA
1727,TV-PG
1728,TV-MA
1729,TV-MA
1730,R
1731,TV-MA
1732,TV-MA
1733,TV-14
1734,TV-14
1735,TV-G
1736,TV-14
1737,TV-G
1738,TV-14
1739,TV-G
1740,TV-PG
1741,TV-MA
1742,TV-PG
1743,TV-MA
1744,TV-14
1745,TV-PG
1746,TV-PG
1747,TV-MA
1748,R
1749,TV-MA
1750,TV-PG
1751,TV-14
1752,TV-Y
1753,TV-Y
1754,PG
1755,TV-14
1756,TV-14
1757,TV-Y
1758,TV-Y
1759,TV-Y7
1760,TV-Y7
1761,TV-Y
1762,PG
1763,R
1764,R
1765,R
1766,TV-Y
1767,TV-MA
1768,PG-13
1769,PG
1770,TV-14
1771,R
1772,TV-PG
1773,TV-MA
1774,TV-PG
1775,TV-14
1776,TV-14
1777,TV-14
1778,TV-14
1779,TV-Y
1780,TV-14
1781,TV-MA
1782,TV-14
1783,TV-MA
1784,TV-MA
1785,TV-14
1786,TV-MA
1787,TV-14
1788,R
1789,TV-MA
1790,TV-PG
1791,TV-MA
1792,TV-Y
1793,TV-14
1794,TV-MA
1795,TV-14
1796,TV-14
1797,R
1798,TV-MA
1799,TV-MA
1800,TV-MA
1801,TV-MA
1802,PG
1803,TV-14
1804,TV-MA
1805,TV-MA
1806,TV-MA
1807,TV-MA
1808,TV-MA
1809,PG-13
1810,TV-14
1811,R
1812,R
1813,TV-PG
1814,TV-MA
1815,PG-13
1816,TV-Y
1817,PG-13
1818,TV-14
1819,TV-14
1820,TV-MA
1821,TV-14
1822,TV-MA
1823,TV-MA
1824,TV-MA
1825,TV-MA
1826,TV-MA
1827,TV-14
1828,TV-MA
1829,TV-MA
1830,TV-MA
1831,TV-14
1832,TV-14
1833,TV-MA
1834,PG
1835,TV-14
1836,R
1837,TV-MA
1838,TV-MA
1839,R
1840,TV-MA
1841,TV-MA
1842,TV-Y7
1843,R
1844,R
1845,TV-PG
1846,R
1847,TV-14
1848,TV-Y
1849,TV-14
1850,TV-PG
1851,TV-14
1852,TV-14
1853,TV-Y7
1854,TV-PG
1855,TV-MA
1856,TV-14
1857,TV-14
1858,TV-MA
1859,TV-14
1860,TV-Y
1861,TV-MA
1862,TV-14
1863,TV-14
1864,TV-MA
1865,TV-Y7
1866,TV-14
1867,TV-14
1868,TV-MA
1869,TV-MA
1870,TV-MA
1871,TV-MA
1872,TV-Y
1873,R
1874,TV-MA
1875,TV-MA
1876,TV-14
1877,TV-MA
1878,TV-14
1879,TV-MA
1880,PG-13
1881,TV-MA
1882,R
1883,TV-14
1884,TV-Y
1885,TV-14
1886,TV-14
1887,PG
1888,TV-MA
1889,TV-14
1890,TV-Y
1891,TV-Y
1892,TV-14
1893,TV-Y
1894,TV-PG
1895,TV-MA
1896,TV-PG
1897,TV-MA
1898,TV-MA
1899,TV-MA
1900,TV-MA
1901,PG-13
1902,TV-MA
1903,TV-PG
1904,R
1905,TV-14
1906,TV-MA
1907,TV-14
1908,TV-MA
1909,TV-MA
1910,R
1911,TV-MA
1912,TV-14
1913,PG-13
1914,TV-MA
1915,TV-MA
1916,TV-MA
1917,PG-13
1918,TV-MA
1919,TV-MA
1920,TV-PG
1921,TV-14
1922,R
1923,TV-PG
1924,TV-14
1925,TV-14
1926,TV-MA
1927,TV-MA
1928,TV-PG
1929,TV-MA
1930,TV-PG
1931,TV-MA
1932,R
1933,TV-MA
1934,TV-MA
1935,PG-13
1936,TV-MA
1937,R
1938,PG-13
1939,TV-PG
1940,TV-14
1941,TV-MA
1942,TV-PG
1943,TV-14
1944,TV-14
1945,TV-14
1946,TV-14
1947,TV-PG
1948,TV-PG
1949,TV-MA
1950,TV-14
1951,TV-14
1952,TV-14
1953,TV-Y
1954,TV-MA
1955,TV-MA
1956,TV-MA
1957,TV-MA
1958,PG-13
1959,TV-MA
1960,PG-13
1961,TV-G
1962,TV-MA
1963,TV-PG
1964,TV-PG
1965,TV-MA
1966,TV-MA
1967,TV-MA
1968,TV-MA
1969,TV-MA
1970,TV-MA
1971,TV-MA
1972,TV-14
1973,TV-14
1974,TV-Y
1975,TV-MA
1976,TV-14
1977,TV-MA
1978,TV-MA
1979,TV-MA
1980,TV-G
1981,TV-14
1982,TV-14
1983,TV-14
1984,TV-MA
1985,TV-MA
1986,TV-Y
1987,TV-14
1988,TV-MA
1989,TV-MA
1990,TV-MA
1991,TV-14
1992,TV-MA
1993,TV-MA
1994,TV-MA
1995,TV-PG
1996,R
1997,TV-MA
1998,R
1999,TV-MA
2000,TV-PG
2001,TV-MA
2002,R
2003,TV-MA
2004,PG
2005,PG
2006,TV-MA
2007,TV-Y
2008,TV-14
2009,TV-MA
2010,TV-14
2011,PG
2012,TV-Y7
2013,TV-MA
2014,TV-MA
2015,TV-14
2016,TV-14
2017,TV-14
2018,TV-14
2019,TV-PG
2020,TV-PG
2021,TV-G
2022,TV-14
2023,TV-G
2024,TV-MA
2025,TV-MA
2026,TV-14
2027,TV-14
2028,TV-G
2029,TV-14
2030,TV-MA
2031,TV-14
2032,TV-MA
2033,TV-PG
2034,TV-MA
2035,TV-14
2036,PG-13
2037,TV-MA
2038,TV-14
2039,TV-G
2040,TV-MA
2041,TV-Y7
2042,PG
2043,TV-MA
2044,R
2045,TV-14
2046,R
2047,TV-14
2048,TV-Y7
2049,TV-MA
2050,TV-14
2051,TV-MA
2052,TV-PG
2053,TV-PG
2054,TV-MA
2055,TV-14
2056,TV-MA
2057,PG
2058,TV-G
2059,TV-MA
2060,PG-13
2061,TV-14
2062,TV-Y
2063,TV-MA
2064,TV-Y
2065,TV-MA
2066,TV-PG
2067,TV-14
2068,TV-14
2069,TV-MA
2070,TV-MA
2071,TV-Y7
2072,PG
2073,R
2074,TV-PG
2075,TV-14
2076,TV-MA
2077,TV-Y7
2078,TV-MA
2079,TV-14
2080,PG
2081,TV-Y
2082,TV-Y
2083,TV-14
2084,TV-MA
2085,PG
2086,TV-MA
2087,TV-MA
2088,TV-MA
2089,TV-MA
2090,TV-14
2091,TV-MA
2092,TV-MA
2093,PG-13
2094,TV-MA
2095,TV-MA
2096,TV-MA
2097,TV-MA
2098,PG-13
2099,TV-Y
2100,TV-MA
2101,PG-13
2102,TV-MA
2103,TV-G
2104,TV-14
2105,TV-MA
2106,TV-MA
2107,TV-14
2108,TV-PG
2109,TV-MA
2110,TV-PG
2111,TV-MA
2112,TV-14
2113,TV-14
2114,TV-14
2115,TV-Y7
2116,R
2117,TV-PG
2118,TV-PG
2119,TV-Y7
2120,TV-PG
2121,PG-13
2122,PG-13
2123,TV-MA
2124,TV-PG
2125,TV-MA
2126,TV-14
2127,TV-PG
2128,TV-MA
2129,TV-G
2130,TV-Y7
2131,TV-MA
2132,TV-Y
2133,R
2134,TV-MA
2135,TV-MA
2136,TV-Y7
2137,TV-Y7
2138,TV-MA
2139,R
2140,TV-MA
2141,TV-MA
2142,TV-14
2143,PG
2144,TV-MA
2145,TV-G
2146,TV-MA
2147,PG-13
2148,TV-14
2149,TV-14
2150,R
2151,TV-MA
2152,TV-MA
2153,TV-MA
2154,TV-PG
2155,TV-14
2156,TV-Y
2157,TV-PG
2158,TV-Y7
2159,TV-Y
2160,TV-14
2161,TV-Y7
2162,TV-PG
2163,TV-MA
2164,TV-14
2165,TV-14
2166,TV-14
2167,TV-Y
2168,TV-G
2169,TV-PG
2170,TV-MA
2171,TV-MA
2172,TV-MA
2173,R
2174,TV-PG
2175,TV-G
2176,TV-14
2177,R
2178,TV-Y
2179,TV-G
2180,R
2181,TV-14
2182,TV-Y
2183,TV-MA
2184,R
2185,TV-PG
2186,TV-Y
2187,TV-MA
2188,TV-MA
2189,TV-G
2190,TV-PG
2191,TV-14
2192,TV-MA
2193,TV-Y7
2194,TV-MA
2195,TV-MA
2196,TV-MA
2197,TV-MA
2198,TV-MA
2199,TV-MA
2200,TV-PG
2201,TV-MA
2202,TV-MA
2203,TV-MA
2204,TV-MA
2205,TV-14
2206,TV-14
2207,TV-MA
2208,TV-Y7
2209,TV-Y
2210,TV-MA
2211,TV-MA
2212,TV-MA
2213,TV-G
2214,TV-14
2215,TV-14
2216,TV-Y7
2217,TV-PG
2218,TV-MA
2219,TV-MA
2220,TV-MA
2221,TV-MA
2222,TV-MA
2223,TV-PG
2224,TV-MA
2225,TV-14
2226,TV-Y
2227,TV-MA
2228,TV-MA
2229,R
2230,TV-14
2231,TV-MA
2232,TV-MA
2233,TV-14
2234,TV-MA
2235,TV-14
2236,TV-MA
2237,TV-Y7
2238,TV-MA
2239,TV-Y
2240,TV-14
2241,TV-MA
2242,TV-MA
2243,TV-MA
2244,TV-MA
2245,TV-MA
2246,TV-14
2247,TV-PG
2248,TV-14
2249,TV-14
2250,TV-Y7
2251,R
2252,TV-MA
2253,TV-G
2254,TV-MA
2255,TV-MA
2256,TV-14
2257,R
2258,TV-14
2259,TV-MA
2260,R
2261,PG
2262,TV-MA
2263,TV-MA
2264,TV-MA
2265,TV-14
2266,TV-14
2267,TV-14
2268,TV-MA
2269,TV-14
2270,TV-MA
2271,TV-14
2272,TV-PG
2273,TV-14
2274,TV-14
2275,TV-14
2276,TV-MA
2277,TV-MA
2278,TV-14
2279,TV-PG
2280,TV-MA
2281,TV-MA
2282,TV-PG
2283,TV-14
2284,TV-MA
2285,TV-14
2286,TV-14
2287,TV-MA
2288,TV-MA
2289,TV-MA
2290,TV-PG
2291,TV-14
2292,TV-14
2293,TV-Y7
2294,TV-MA
2295,TV-MA
2296,TV-MA
2297,PG-13
2298,TV-MA
2299,TV-PG
2300,TV-G
2301,TV-MA
2302,TV-G
2303,TV-MA
2304,TV-MA
2305,TV-14
2306,TV-MA
2307,TV-MA
2308,TV-Y
2309,TV-MA
2310,TV-MA
2311,TV-MA
2312,R
2313,TV-MA
2314,TV-14
2315,PG-13
2316,TV-MA
2317,TV-14
2318,R
2319,TV-Y
2320,TV-MA
2321,TV-14
2322,TV-MA
2323,TV-MA
2324,TV-14
2325,TV-G
2326,TV-MA
2327,TV-14
2328,TV-MA
2329,PG
2330,TV-MA
2331,PG-13
2332,TV-MA
2333,TV-14
2334,TV-MA
2335,TV-MA
2336,TV-14
2337,TV-14
2338,TV-G
2339,TV-MA
2340,TV-14
2341,TV-14
2342,PG-13
2343,TV-MA
2344,TV-PG
2345,TV-MA
2346,TV-MA
2347,TV-14
2348,TV-14
2349,TV-PG
2350,TV-MA
2351,R
2352,TV-MA
2353,TV-14
2354,TV-MA
2355,TV-14
2356,TV-MA
2357,TV-G
2358,TV-PG
2359,TV-MA
2360,TV-MA
2361,TV-MA
2362,TV-14
2363,TV-MA
2364,TV-MA
2365,TV-PG
2366,TV-MA
2367,TV-MA
2368,TV-MA
2369,TV-14
2370,TV-14
2371,TV-PG
2372,TV-14
2373,TV-G
2374,TV-MA
2375,TV-MA
2376,TV-14
2377,TV-MA
2378,PG
2379,TV-MA
2380,R
2381,TV-PG
2382,TV-14
2383,PG-13
2384,TV-PG
2385,TV-MA
2386,PG
2387,TV-14
2388,TV-MA
2389,TV-G
2390,TV-14
2391,TV-14
2392,TV-14
2393,TV-MA
2394,R
2395,TV-MA
2396,TV-MA
2397,TV-MA
2398,TV-MA
2399,PG
2400,TV-14
2401,TV-MA
2402,TV-MA
2403,TV-MA
2404,TV-14
2405,TV-MA
2406,TV-14
2407,TV-MA
2408,R
2409,TV-MA
2410,TV-MA
2411,TV-MA
2412,PG-13
2413,TV-MA
2414,TV-14
2415,TV-14
2416,TV-MA
2417,R
2418,TV-MA
2419,TV-14
2420,PG-13
2421,TV-14
2422,TV-MA
2423,TV-14
2424,TV-14
2425,TV-MA
2426,TV-MA
2427,TV-MA
2428,TV-14
2429,TV-MA
2430,TV-MA
2431,R
2432,TV-G
2433,TV-14
2434,TV-14
2435,TV-14
2436,TV-14
2437,TV-14
2438,TV-MA
2439,TV-14
2440,TV-14
2441,TV-Y
2442,TV-PG
2443,TV-14
2444,TV-MA
2445,TV-Y7
2446,TV-14
2447,TV-G
2448,TV-MA
2449,TV-PG
2450,TV-MA
2451,TV-MA
2452,PG
2453,TV-MA
2454,TV-MA
2455,R
2456,TV-14
2457,TV-14
2458,TV-PG
2459,TV-MA
2460,TV-MA
2461,TV-MA
2462,TV-MA
2463,TV-MA
2464,TV-14
2465,TV-14
2466,TV-MA
2467,TV-G
2468,TV-MA
2469,TV-MA
2470,TV-14
2471,TV-14
2472,R
2473,TV-MA
2474,TV-14
2475,TV-G
2476,TV-G
2477,TV-14
2478,TV-MA
2479,PG
2480,R
2481,TV-MA
2482,TV-G
2483,TV-14
2484,TV-14
2485,TV-PG
2486,TV-14
2487,TV-MA
2488,TV-14
2489,TV-14
2490,TV-14
2491,TV-14
2492,TV-14
2493,TV-PG
2494,TV-MA
2495,TV-PG
2496,TV-14
2497,TV-MA
2498,TV-14
2499,TV-MA
2500,TV-14
2501,TV-MA
2502,TV-PG
2503,TV-14
2504,TV-14
2505,TV-14
2506,TV-PG
2507,TV-14
2508,TV-MA
2509,TV-14
2510,TV-14
2511,TV-14
2512,PG
2513,TV-PG
2514,TV-14
2515,TV-PG
2516,TV-MA
2517,TV-MA
2518,TV-14
2519,TV-14
2520,TV-Y7
2521,TV-MA
2522,TV-MA
2523,TV-MA
2524,TV-PG
2525,TV-14
2526,TV-MA
2527,TV-Y7
2528,TV-MA
2529,TV-MA
2530,TV-Y
2531,TV-MA
2532,TV-14
2533,TV-14
2534,TV-G
2535,TV-MA
2536,TV-14
2537,TV-MA
2538,TV-14
2539,TV-PG
2540,TV-14
2541,TV-MA
2542,TV-14
2543,TV-Y
2544,TV-14
2545,TV-PG
2546,TV-14
2547,TV-MA
2548,TV-MA
2549,TV-MA
2550,R
2551,TV-MA
2552,TV-MA
2553,TV-14
2554,TV-MA
2555,TV-Y7
2556,TV-14
2557,TV-14
2558,TV-MA
2559,TV-PG
2560,PG
2561,TV-MA
2562,TV-PG
2563,PG
2564,TV-G
2565,TV-14
2566,TV-MA
2567,PG-13
2568,TV-14
2569,TV-PG
2570,TV-PG
2571,PG
2572,TV-14
2573,PG
2574,R
2575,TV-PG
2576,TV-14
2577,R
2578,TV-MA
2579,TV-MA
2580,TV-Y
2581,TV-MA
2582,TV-MA
2583,PG
2584,TV-Y
2585,TV-14
2586,TV-MA
2587,TV-PG
2588,TV-MA
2589,TV-G
2590,TV-MA
2591,TV-MA
2592,PG-13
2593,R
2594,TV-Y
2595,TV-Y
2596,TV-Y
2597,PG
2598,TV-14
2599,TV-14
2600,TV-MA
2601,TV-PG
2602,TV-14
2603,TV-MA
2604,TV-MA
2605,TV-14
2606,TV-PG
2607,TV-MA
2608,TV-14
2609,TV-MA
2610,TV-G
2611,TV-14
2612,TV-MA
2613,TV-MA
2614,TV-MA
2615,TV-MA
2616,TV-14
2617,TV-MA
2618,TV-MA
2619,TV-MA
2620,TV-MA
2621,TV-14
2622,TV-14
2623,PG-13
2624,TV-14
2625,TV-14
2626,TV-MA
2627,TV-MA
2628,TV-PG
2629,TV-MA
2630,TV-14
2631,TV-MA
2632,TV-14
2633,TV-MA
2634,TV-14
2635,PG-13
2636,TV-14
2637,TV-14
2638,TV-14
2639,TV-14
2640,TV-14
2641,TV-MA
2642,TV-PG
2643,TV-14
2644,TV-MA
2645,TV-MA
2646,TV-14
2647,TV-G
2648,TV-14
2649,TV-MA
2650,TV-14
2651,TV-MA
2652,TV-PG
2653,TV-MA
2654,TV-MA
2655,TV-MA
2656,TV-MA
2657,PG
2658,TV-14
2659,TV-14
2660,TV-MA
2661,TV-MA
2662,TV-MA
2663,TV-MA
2664,TV-14
2665,TV-Y
2666,TV-14
2667,TV-MA
2668,TV-MA
2669,TV-MA
2670,TV-MA
2671,TV-MA
2672,TV-MA
2673,R
2674,TV-MA
2675,TV-MA
2676,TV-MA
2677,TV-MA
2678,PG-13
2679,PG
2680,TV-MA
2681,R
2682,TV-G
2683,TV-14
2684,TV-PG
2685,TV-MA
2686,TV-MA
2687,TV-MA
2688,TV-14
2689,TV-14
2690,TV-14
2691,TV-MA
2692,TV-MA
2693,TV-MA
2694,TV-MA
2695,TV-MA
2696,TV-G
2697,TV-MA
2698,PG
2699,TV-14
2700,TV-MA
2701,TV-MA
2702,PG
2703,TV-MA
2704,TV-MA
2705,R
2706,TV-MA
2707,R
2708,R
2709,TV-MA
2710,TV-MA
2711,TV-14
2712,TV-MA
2713,R
2714,TV-14
2715,TV-PG
2716,TV-14
2717,TV-14
2718,TV-Y7
2719,TV-14
2720,TV-MA
2721,TV-14
2722,TV-14
2723,TV-14
2724,TV-14
2725,TV-14
2726,TV-14
2727,TV-14
2728,TV-MA
2729,TV-14
2730,TV-14
2731,TV-14
2732,TV-14
2733,TV-14
2734,TV-14
2735,TV-14
2736,TV-14
2737,TV-MA
2738,TV-Y7
2739,TV-14
2740,TV-Y7
2741,TV-14
2742,TV-MA
2743,TV-MA
2744,TV-MA
2745,TV-G
2746,R
2747,TV-MA
2748,TV-14
2749,TV-14
2750,R
2751,TV-Y7
2752,TV-G
2753,TV-Y7
2754,TV-MA
2755,PG
2756,TV-MA
2757,TV-MA
2758,TV-14
2759,R
2760,TV-Y
2761,TV-14
2762,TV-MA
2763,R
2764,TV-Y
2765,TV-MA
2766,TV-MA
2767,TV-MA
2768,TV-MA
2769,TV-MA
2770,TV-14
2771,TV-Y
2772,TV-MA
2773,TV-MA
2774,TV-Y
2775,TV-MA
2776,TV-MA
2777,TV-G
2778,TV-MA
2779,PG
2780,R
2781,TV-MA
2782,TV-MA
2783,TV-MA
2784,TV-MA
2785,TV-14
2786,TV-Y
2787,TV-14
2788,TV-Y7
2789,TV-Y7
2790,TV-14
2791,TV-PG
2792,TV-MA
2793,TV-MA
2794,TV-14
2795,TV-PG
2796,TV-MA
2797,TV-MA
2798,TV-MA
2799,R
2800,TV-MA
2801,TV-14
2802,R
2803,TV-MA
2804,PG
2805,TV-MA
2806,TV-14
2807,TV-MA
2808,TV-Y7
2809,TV-MA
2810,R
2811,TV-14
2812,TV-Y
2813,TV-Y
2814,TV-MA
2815,TV-Y
2816,TV-MA
2817,TV-14
2818,TV-14
2819,TV-MA
2820,TV-PG
2821,TV-MA
2822,TV-MA
2823,R
2824,TV-14
2825,TV-MA
2826,TV-MA
2827,TV-14
2828,TV-MA
2829,TV-Y7
2830,TV-MA
2831,TV-PG
2832,TV-MA
2833,TV-MA
2834,TV-MA
2835,TV-MA
2836,TV-MA
2837,R
2838,TV-MA
2839,TV-MA
2840,TV-PG
2841,TV-14
2842,TV-Y
2843,TV-MA
2844,TV-MA
2845,TV-MA
2846,R
2847,TV-14
2848,R
2849,TV-Y
2850,TV-MA
2851,TV-14
2852,TV-MA
2853,R
2854,TV-MA
2855,TV-14
2856,TV-MA
2857,TV-14
2858,TV-Y
2859,TV-Y
2860,TV-MA
2861,PG
2862,TV-14
2863,TV-14
2864,R
2865,TV-14
2866,TV-MA
2867,TV-MA
2868,TV-MA
2869,TV-14
2870,TV-14
2871,TV-MA
2872,TV-MA
2873,TV-MA
2874,TV-14
2875,TV-MA
2876,TV-MA
2877,TV-Y7
2878,TV-14
2879,TV-14
2880,TV-MA
2881,TV-MA
2882,TV-MA
2883,TV-MA
2884,TV-MA
2885,TV-MA
2886,TV-14
2887,TV-MA
2888,TV-PG
2889,TV-14
2890,TV-MA
2891,TV-MA
2892,TV-MA
2893,TV-MA
2894,TV-G
2895,TV-MA
2896,TV-MA
2897,TV-14
2898,R
2899,TV-MA
2900,TV-PG
2901,TV-MA
2902,TV-PG
2903,TV-PG
2904,R
2905,TV-MA
2906,R
2907,TV-MA
2908,R
2909,PG-13
2910,TV-Y
2911,TV-Y
2912,G
2913,TV-MA
2914,TV-MA
2915,TV-MA
2916,TV-PG
2917,TV-14
2918,TV-MA
2919,TV-14
2920,TV-PG
2921,TV-MA
2922,TV-MA
2923,TV-14
2924,TV-MA
2925,TV-PG
2926,TV-14
2927,TV-Y
2928,TV-Y7
2929,R
2930,TV-PG
2931,TV-14
2932,TV-MA
2933,TV-MA
2934,PG-13
2935,TV-MA
2936,TV-14
2937,TV-14
2938,TV-Y
2939,TV-14
2940,R
2941,TV-14
2942,TV-14
2943,TV-14
2944,R
2945,TV-MA
2946,TV-MA
2947,TV-14
2948,TV-14
2949,TV-MA
2950,TV-MA
2951,PG-13
2952,PG
2953,TV-14
2954,TV-PG
2955,TV-14
2956,TV-MA
2957,TV-MA
2958,TV-14
2959,TV-MA
2960,TV-MA
2961,R
2962,PG-13
2963,TV-Y7
2964,TV-G
2965,TV-PG
2966,TV-MA
2967,TV-14
2968,TV-Y
2969,TV-MA
2970,TV-G
2971,TV-MA
2972,TV-MA
2973,TV-MA
2974,TV-14
2975,TV-MA
2976,TV-MA
2977,TV-MA
2978,TV-14
2979,TV-MA
2980,TV-MA
2981,TV-14
2982,TV-MA
2983,TV-14
2984,TV-PG
2985,TV-MA
2986,TV-14
2987,TV-14
2988,TV-MA
2989,PG
2990,TV-MA
2991,TV-MA
2992,TV-MA
2993,TV-14
2994,TV-MA
2995,TV-MA
2996,TV-PG
2997,TV-MA
2998,TV-MA
2999,TV-14
3000,TV-14
3001,TV-14
3002,TV-MA
3003,TV-MA
3004,TV-MA
3005,TV-14
3006,TV-PG
3007,TV-14
3008,TV-14
3009,R
3010,TV-MA
3011,TV-MA
3012,TV-MA
3013,TV-14
3014,TV-PG
3015,TV-14
3016,TV-14
3017,PG
3018,TV-MA
3019,R
3020,TV-14
3021,TV-14
3022,R
3023,TV-14
3024,TV-MA
3025,TV-MA
3026,R
3027,TV-MA
3028,TV-MA
3029,TV-Y
3030,TV-MA
3031,TV-G
3032,TV-14
3033,TV-MA
3034,TV-14
3035,TV-MA
3036,TV-Y7
3037,TV-MA
3038,TV-MA
3039,R
3040,TV-Y
3041,TV-MA
3042,TV-MA
3043,TV-MA
3044,R
3045,TV-MA
3046,TV-14
3047,TV-14
3048,TV-PG
3049,TV-14
3050,TV-MA
3051,TV-MA
3052,TV-14
3053,TV-14
3054,TV-14
3055,TV-PG
3056,TV-PG
3057,TV-Y7
3058,TV-Y
3059,TV-Y7
3060,G
3061,TV-MA
3062,TV-MA
3063,G
3064,TV-MA
3065,TV-G
3066,TV-MA
3067,TV-Y7
3068,TV-MA
3069,R
3070,TV-Y7
3071,TV-MA
3072,TV-14
3073,TV-MA
3074,R
3075,TV-MA
3076,TV-MA
3077,TV-14
3078,TV-14
3079,TV-MA
3080,TV-PG
3081,PG-13
3082,TV-MA
3083,TV-MA
3084,TV-Y7
3085,TV-Y
3086,TV-Y7
3087,TV-MA
3088,TV-14
3089,TV-14
3090,TV-MA
3091,TV-MA
3092,TV-14
3093,TV-MA
3094,TV-MA
3095,TV-MA
3096,TV-MA
3097,TV-MA
3098,R
3099,TV-PG
3100,PG-13
3101,R
3102,R
3103,PG-13
3104,TV-MA
3105,TV-14
3106,TV-PG
3107,TV-PG
3108,R
3109,TV-14
3110,TV-Y
3111,TV-PG
3112,TV-MA
3113,TV-14
3114,TV-MA
3115,TV-PG
3116,TV-MA
3117,PG-13
3118,TV-MA
3119,TV-PG
3120,TV-MA
3121,TV-MA
3122,TV-MA
3123,TV-MA
3124,TV-MA
3125,TV-MA
3126,R
3127,TV-14
3128,TV-PG
3129,TV-Y
3130,TV-14
3131,TV-MA
3132,TV-14
3133,TV-MA
3134,TV-14
3135,TV-14
3136,TV-14
3137,TV-14
3138,TV-PG
3139,TV-14
3140,TV-14
3141,TV-14
3142,TV-14
3143,TV-PG
3144,TV-14
3145,TV-MA
3146,TV-14
3147,TV-Y7
3148,TV-14
3149,TV-Y7
3150,TV-14
3151,R
3152,TV-MA
3153,TV-MA
3154,TV-14
3155,TV-14
3156,TV-MA
3157,TV-MA
3158,TV-MA
3159,TV-MA
3160,TV-14
3161,TV-MA
3162,TV-PG
3163,R
3164,TV-14
3165,PG-13
3166,TV-MA
3167,TV-14
3168,TV-14
3169,TV-PG
3170,R
3171,TV-MA
3172,TV-MA
3173,TV-Y7
3174,TV-PG
3175,TV-MA
3176,TV-14
3177,TV-MA
3178,TV-MA
3179,TV-14
3180,TV-PG
3181,TV-PG
3182,TV-MA
3183,TV-MA
3184,TV-MA
3185,TV-PG
3186,TV-14
3187,TV-MA
3188,TV-MA
3189,PG
3190,TV-PG
3191,R
3192,TV-MA
3193,TV-MA
3194,TV-14
3195,TV-MA
3196,TV-14
3197,TV-PG
3198,TV-14
3199,TV-PG
3200,TV-Y
3201,TV-14
3202,TV-14
3203,TV-MA
3204,TV-MA
3205,TV-14
3206,TV-G
3207,TV-14
3208,TV-14
3209,TV-Y
3210,TV-MA
3211,TV-MA
3212,TV-MA
3213,TV-MA
3214,TV-MA
3215,TV-MA
3216,TV-MA
3217,TV-14
3218,TV-14
3219,TV-PG
3220,TV-14
3221,TV-MA
3222,TV-PG
3223,TV-MA
3224,R
3225,TV-14
3226,TV-Y7
3227,TV-MA
3228,R
3229,TV-MA
3230,TV-Y
3231,TV-MA
3232,TV-Y
3233,TV-MA
3234,TV-14
3235,TV-MA
3236,R
3237,TV-14
3238,TV-MA
3239,TV-14
3240,TV-MA
3241,TV-MA
3242,TV-PG
3243,TV-MA
3244,TV-MA
3245,TV-MA
3246,TV-MA
3247,TV-Y7
3248,TV-Y7
3249,TV-14
3250,TV-MA
3251,TV-MA
3252,TV-14
3253,TV-MA
3254,TV-G
3255,TV-14
3256,TV-MA
3257,TV-MA
3258,TV-14
3259,TV-MA
3260,TV-MA
3261,TV-MA
3262,PG-13
3263,R
3264,TV-14
3265,R
3266,TV-14
3267,TV-PG
3268,TV-MA
3269,TV-14
3270,TV-MA
3271,TV-14
3272,TV-PG
3273,TV-PG
3274,PG
3275,TV-MA
3276,TV-Y
3277,TV-PG
3278,TV-14
3279,TV-14
3280,TV-MA
3281,TV-14
3282,TV-MA
3283,TV-14
3284,TV-MA
3285,TV-14
3286,TV-MA
3287,TV-14
3288,TV-MA
3289,TV-14
3290,TV-MA
3291,R
3292,TV-14
3293,TV-MA
3294,TV-MA
3295,TV-14
3296,TV-Y7
3297,PG-13
3298,TV-MA
3299,TV-MA
3300,TV-14
3301,TV-MA
3302,TV-14
3303,TV-14
3304,TV-G
3305,TV-PG
3306,TV-MA
3307,TV-MA
3308,R
3309,TV-MA
3310,R
3311,TV-PG
3312,TV-14
3313,TV-MA
3314,TV-MA
3315,TV-Y
3316,TV-Y7
3317,TV-G
3318,TV-PG
3319,TV-Y
3320,TV-PG
3321,TV-Y
3322,TV-PG
3323,TV-PG
3324,TV-Y
3325,TV-Y
3326,TV-G
3327,TV-MA
3328,TV-PG
3329,TV-MA
3330,TV-MA
3331,TV-14
3332,TV-PG
3333,TV-MA
3334,TV-PG
3335,TV-14
3336,TV-MA
3337,TV-14
3338,TV-PG
3339,PG
3340,TV-PG
3341,TV-14
3342,TV-14
3343,TV-14
3344,TV-PG
3345,TV-MA
3346,TV-Y7
3347,TV-MA
3348,R
3349,TV-MA
3350,TV-MA
3351,TV-Y
3352,TV-MA
3353,TV-MA
3354,TV-MA
3355,TV-MA
3356,TV-MA
3357,TV-MA
3358,TV-MA
3359,TV-14
3360,TV-MA
3361,TV-14
3362,TV-14
3363,TV-MA
3364,TV-MA
3365,TV-14
3366,TV-PG
3367,TV-G
3368,TV-PG
3369,TV-G
3370,TV-MA
3371,TV-MA
3372,TV-MA
3373,R
3374,TV-MA
3375,TV-MA
3376,TV-MA
3377,TV-PG
3378,TV-14
3379,TV-PG
3380,TV-MA
3381,TV-MA
3382,TV-14
3383,TV-MA
3384,PG-13
3385,TV-14
3386,TV-MA
3387,TV-PG
3388,TV-14
3389,TV-MA
3390,R
3391,TV-Y7
3392,PG-13
3393,TV-14
3394,TV-Y
3395,TV-Y
3396,TV-Y
3397,TV-Y
3398,TV-Y
3399,TV-MA
3400,TV-MA
3401,TV-PG
3402,TV-Y
3403,TV-14
3404,TV-Y
3405,TV-Y7
3406,TV-MA
3407,TV-Y7
3408,TV-MA
3409,TV-MA
3410,R
3411,TV-MA
3412,TV-14
3413,TV-14
3414,TV-14
3415,TV-14
3416,TV-PG
3417,TV-MA
3418,TV-MA
3419,TV-MA
3420,TV-MA
3421,TV-14
3422,R
3423,TV-MA
3424,TV-MA
3425,TV-14
3426,TV-MA
3427,TV-14
3428,TV-MA
3429,TV-MA
3430,TV-MA
3431,TV-MA
3432,TV-14
3433,TV-MA
3434,TV-MA
3435,TV-MA
3436,TV-Y7
3437,TV-14
3438,TV-14
3439,PG-13
3440,TV-14
3441,TV-MA
3442,TV-MA
3443,TV-Y7
3444,TV-14
3445,TV-Y7
3446,TV-14
3447,TV-MA
3448,TV-14
3449,TV-MA
3450,TV-PG
3451,TV-MA
3452,TV-PG
3453,TV-MA
3454,TV-PG
3455,TV-MA
3456,TV-Y
3457,TV-Y
3458,TV-MA
3459,TV-MA
3460,TV-MA
3461,TV-PG
3462,TV-14
3463,TV-14
3464,TV-MA
3465,TV-MA
3466,TV-14
3467,TV-MA
3468,TV-MA
3469,TV-PG
3470,TV-Y
3471,TV-Y7
3472,TV-MA
3473,G
3474,TV-14
3475,TV-PG
3476,G
3477,R
3478,TV-MA
3479,TV-MA
3480,TV-PG
3481,TV-PG
3482,TV-MA
3483,TV-PG
3484,TV-MA
3485,TV-MA
3486,TV-MA
3487,TV-14
3488,PG-13
3489,TV-MA
3490,TV-14
3491,TV-G
3492,TV-MA
3493,TV-14
3494,TV-14
3495,R
3496,TV-MA
3497,TV-MA
3498,TV-MA
3499,TV-MA
3500,TV-MA
3501,TV-MA
3502,TV-MA
3503,TV-MA
3504,TV-MA
3505,TV-MA
3506,TV-14
3507,TV-MA
3508,TV-MA
3509,TV-Y
3510,TV-MA
3511,TV-14
3512,TV-MA
3513,TV-MA
3514,TV-PG
3515,TV-14
3516,TV-MA
3517,TV-14
3518,TV-PG
3519,TV-MA
3520,TV-MA
3521,TV-14
3522,TV-MA
3523,TV-14
3524,TV-PG
3525,TV-MA
3526,TV-MA
3527,TV-MA
3528,TV-14
3529,TV-MA
3530,TV-MA
3531,TV-MA
3532,TV-MA
3533,TV-14
3534,TV-14
3535,TV-MA
3536,TV-G
3537,TV-14
3538,TV-14
3539,TV-MA
3540,TV-Y
3541,TV-G
3542,TV-14
3543,TV-MA
3544,TV-14
3545,G
3546,TV-14
3547,TV-Y
3548,TV-MA
3549,TV-MA
3550,TV-PG
3551,TV-14
3552,TV-PG
3553,TV-MA
3554,TV-Y
3555,TV-MA
3556,TV-PG
3557,TV-14
3558,TV-MA
3559,TV-MA
3560,TV-MA
3561,TV-MA
3562,TV-MA
3563,TV-14
3564,TV-PG
3565,TV-14
3566,TV-PG
3567,TV-14
3568,TV-14
3569,TV-MA
3570,TV-MA
3571,TV-MA
3572,TV-PG
3573,TV-MA
3574,TV-G
3575,TV-MA
3576,TV-MA
3577,TV-MA
3578,TV-MA
3579,TV-14
3580,TV-MA
3581,TV-Y7
3582,TV-MA
3583,PG-13
3584,TV-14
3585,TV-Y
3586,TV-MA
3587,TV-MA
3588,TV-MA
3589,TV-MA
3590,TV-MA
3591,TV-MA
3592,TV-MA
3593,TV-MA
3594,TV-14
3595,TV-MA
3596,TV-MA
3597,TV-MA
3598,TV-MA
3599,TV-Y7
3600,TV-14
3601,TV-MA
3602,TV-MA
3603,TV-MA
3604,TV-Y7
3605,TV-MA
3606,TV-14
3607,TV-MA
3608,TV-MA
3609,TV-14
3610,TV-MA
3611,TV-PG
3612,TV-MA
3613,TV-MA
3614,TV-MA
3615,TV-MA
3616,TV-MA
3617,TV-14
3618,TV-MA
3619,TV-14
3620,TV-MA
3621,TV-MA
3622,TV-MA
3623,TV-MA
3624,TV-MA
3625,TV-PG
3626,TV-MA
3627,TV-14
3628,TV-PG
3629,TV-MA
3630,R
3631,TV-14
3632,TV-14
3633,TV-MA
3634,TV-MA
3635,TV-MA
3636,TV-MA
3637,TV-PG
3638,TV-MA
3639,TV-14
3640,TV-MA
3641,TV-14
3642,TV-MA
3643,TV-MA
3644,TV-MA
3645,TV-Y
3646,TV-MA
3647,TV-MA
3648,TV-14
3649,TV-14
3650,TV-14
3651,TV-MA
3652,TV-MA
3653,TV-MA
3654,TV-14
3655,TV-Y7
3656,TV-MA
3657,TV-14
3658,TV-14
3659,TV-14
3660,TV-Y7
3661,TV-14
3662,TV-PG
3663,TV-14
3664,TV-PG
3665,TV-14
3666,TV-14
3667,TV-PG
3668,TV-Y7
3669,TV-MA
3670,TV-MA
3671,TV-MA
3672,TV-MA
3673,TV-MA
3674,TV-14
3675,TV-14
3676,TV-MA
3677,TV-14
3678,TV-Y
3679,TV-14
3680,TV-MA
3681,TV-G
3682,TV-G
3683,TV-14
3684,TV-14
3685,TV-MA
3686,TV-14
3687,TV-MA
3688,TV-MA
3689,TV-14
3690,TV-14
3691,TV-14
3692,TV-PG
3693,TV-Y
3694,TV-MA
3695,TV-Y
3696,TV-Y7
3697,TV-MA
3698,TV-MA
3699,TV-MA
3700,TV-14
3701,TV-MA
3702,TV-MA
3703,TV-MA
3704,TV-14
3705,TV-MA
3706,TV-MA
3707,TV-MA
3708,TV-Y
3709,TV-MA
3710,TV-PG
3711,TV-MA
3712,TV-MA
3713,TV-PG
3714,TV-14
3715,TV-14
3716,TV-MA
3717,TV-14
3718,R
3719,TV-MA
3720,TV-MA
3721,TV-MA
3722,TV-MA
3723,TV-PG
3724,TV-MA
3725,TV-MA
3726,TV-14
3727,TV-14
3728,TV-MA
3729,TV-MA
3730,TV-MA
3731,TV-14
3732,TV-MA
3733,TV-14
3734,TV-MA
3735,R
3736,TV-MA
3737,TV-MA
3738,TV-MA
3739,TV-PG
3740,TV-14
3741,TV-14
3742,TV-14
3743,TV-MA
3744,TV-MA
3745,TV-MA
3746,TV-PG
3747,TV-MA
3748,TV-PG
3749,TV-MA
3750,TV-MA
3751,TV-MA
3752,TV-14
3753,TV-MA
3754,PG-13
3755,TV-MA
3756,TV-MA
3757,TV-PG
3758,TV-MA
3759,TV-MA
3760,TV-MA
3761,TV-Y
3762,TV-MA
3763,TV-MA
3764,TV-MA
3765,TV-PG
3766,TV-PG
3767,PG
3768,TV-PG
3769,TV-MA
3770,TV-Y
3771,TV-MA
3772,TV-MA
3773,TV-MA
3774,TV-14
3775,TV-MA
3776,TV-MA
3777,TV-14
3778,TV-Y
3779,TV-14
3780,TV-G
3781,TV-MA
3782,TV-14
3783,TV-14
3784,TV-MA
3785,TV-14
3786,TV-MA
3787,TV-14
3788,TV-MA
3789,TV-MA
3790,TV-MA
3791,TV-MA
3792,TV-MA
3793,TV-MA
3794,TV-MA
3795,TV-MA
3796,TV-PG
3797,TV-MA
3798,TV-MA
3799,TV-14
3800,TV-MA
3801,TV-MA
3802,TV-MA
3803,TV-MA
3804,TV-PG
3805,TV-14
3806,TV-MA
3807,TV-G
3808,TV-MA
3809,TV-MA
3810,TV-14
3811,TV-14
3812,TV-MA
3813,TV-MA
3814,TV-MA
3815,TV-14
3816,TV-MA
3817,TV-MA
3818,TV-MA
3819,TV-PG
3820,TV-MA
3821,TV-PG
3822,TV-Y
3823,TV-MA
3824,TV-Y
3825,TV-14
3826,R
3827,TV-14
3828,TV-MA
3829,TV-MA
3830,TV-G
3831,TV-14
3832,TV-14
3833,TV-MA
3834,TV-MA
3835,TV-14
3836,TV-MA
3837,TV-MA
3838,TV-MA
3839,TV-MA
3840,TV-14
3841,TV-MA
3842,R
3843,TV-MA
3844,TV-PG
3845,TV-PG
3846,TV-14
3847,TV-PG
3848,TV-14
3849,TV-PG
3850,TV-14
3851,TV-PG
3852,TV-14
3853,TV-14
3854,TV-14
3855,TV-14
3856,TV-14
3857,TV-14
3858,TV-MA
3859,TV-MA
3860,TV-14
3861,TV-MA
3862,TV-Y7
3863,TV-MA
3864,R
3865,TV-PG
3866,TV-MA
3867,TV-14
3868,TV-MA
3869,TV-PG
3870,R
3871,TV-MA
3872,TV-MA
3873,PG
3874,TV-MA
3875,TV-14
3876,TV-MA
3877,TV-14
3878,TV-MA
3879,TV-MA
3880,TV-MA
3881,TV-14
3882,TV-14
3883,TV-MA
3884,TV-MA
3885,TV-MA
3886,TV-MA
3887,TV-MA
3888,TV-MA
3889,TV-MA
3890,TV-MA
3891,TV-PG
3892,TV-14
3893,TV-PG
3894,R
3895,TV-MA
3896,TV-MA
3897,TV-14
3898,TV-MA
3899,TV-MA
3900,TV-14
3901,TV-MA
3902,TV-PG
3903,TV-MA
3904,R
3905,TV-MA
3906,R
3907,TV-MA
3908,TV-MA
3909,R
3910,TV-Y
3911,TV-MA
3912,TV-14
3913,TV-MA
3914,TV-MA
3915,TV-14
3916,TV-14
3917,TV-14
3918,TV-14
3919,TV-PG
3920,TV-MA
3921,TV-MA
3922,TV-MA
3923,TV-MA
3924,TV-MA
3925,TV-MA
3926,TV-MA
3927,TV-14
3928,TV-14
3929,TV-MA
3930,TV-14
3931,PG-13
3932,TV-PG
3933,TV-14
3934,TV-14
3935,TV-MA
3936,TV-MA
3937,TV-MA
3938,TV-MA
3939,TV-PG
3940,TV-14
3941,TV-MA
3942,TV-PG
3943,TV-MA
3944,TV-Y7
3945,TV-MA
3946,TV-14
3947,TV-MA
3948,TV-MA
3949,TV-MA
3950,TV-14
3951,TV-14
3952,TV-MA
3953,TV-MA
3954,TV-Y7
3955,TV-14
3956,TV-MA
3957,TV-MA
3958,TV-MA
3959,TV-14
3960,TV-14
3961,TV-14
3962,TV-Y
3963,TV-14
3964,TV-MA
3965,TV-MA
3966,TV-MA
3967,R
3968,TV-MA
3969,TV-14
3970,TV-MA
3971,TV-MA
3972,TV-MA
3973,TV-MA
3974,TV-PG
3975,TV-PG
3976,TV-14
3977,TV-14
3978,TV-MA
3979,TV-MA
3980,TV-Y
3981,TV-MA
3982,TV-MA
3983,TV-MA
3984,TV-MA
3985,TV-14
3986,TV-MA
3987,TV-MA
3988,TV-PG
3989,TV-Y
3990,TV-14
3991,TV-14
3992,TV-14
3993,TV-MA
3994,TV-MA
3995,TV-PG
3996,TV-MA
3997,TV-14
3998,TV-PG
3999,TV-MA
4000,TV-MA
4001,PG-13
4002,TV-MA
4003,TV-MA
4004,TV-MA
4005,TV-MA
4006,R
4007,TV-MA
4008,TV-MA
4009,TV-MA
4010,TV-MA
4011,TV-MA
4012,TV-14
4013,TV-14
4014,TV-14
4015,TV-Y7
4016,TV-14
4017,TV-MA
4018,TV-14
4019,TV-14
4020,TV-MA
4021,TV-14
4022,TV-MA
4023,TV-14
4024,TV-14
4025,R
4026,TV-MA
4027,TV-14
4028,TV-14
4029,TV-MA
4030,TV-14
4031,TV-MA
4032,TV-14
4033,TV-MA
4034,TV-MA
4035,TV-MA
4036,TV-PG
4037,TV-PG
4038,TV-MA
4039,TV-14
4040,TV-14
4041,TV-MA
4042,TV-MA
4043,TV-MA
4044,TV-MA
4045,TV-MA
4046,TV-MA
4047,TV-14
4048,TV-MA
4049,TV-MA
4050,TV-MA
4051,TV-MA
4052,TV-MA
4053,TV-14
4054,TV-MA
4055,TV-MA
4056,TV-Y7
4057,TV-MA
4058,TV-14
4059,TV-G
4060,TV-14
4061,TV-G
4062,TV-14
4063,TV-PG
4064,TV-14
4065,TV-MA
4066,PG
4067,TV-MA
4068,TV-MA
4069,TV-MA
4070,TV-14
4071,TV-PG
4072,TV-14
4073,TV-PG
4074,TV-14
4075,TV-PG
4076,TV-14
4077,TV-14
4078,TV-MA
4079,TV-MA
4080,TV-MA
4081,TV-MA
4082,TV-PG
4083,TV-MA
4084,TV-MA
4085,TV-MA
4086,TV-MA
4087,TV-MA
4088,TV-MA
4089,TV-PG
4090,TV-PG
4091,TV-PG
4092,TV-MA
4093,TV-PG
4094,TV-MA
4095,TV-14
4096,R
4097,TV-MA
4098,TV-MA
4099,TV-MA
4100,TV-14
4101,TV-MA
4102,TV-MA
4103,TV-14
4104,TV-14
4105,TV-MA
4106,TV-MA
4107,TV-14
4108,TV-MA
4109,TV-14
4110,TV-MA
4111,TV-MA
4112,TV-14
4113,TV-14
4114,TV-MA
4115,TV-Y
4116,TV-MA
4117,TV-14
4118,TV-PG
4119,TV-14
4120,TV-MA
4121,TV-MA
4122,TV-PG
4123,TV-PG
4124,TV-MA
4125,TV-MA
4126,TV-MA
4127,TV-14
4128,TV-MA
4129,TV-MA
4130,TV-MA
4131,TV-MA
4132,TV-14
4133,TV-14
4134,TV-MA
4135,TV-14
4136,TV-MA
4137,TV-MA
4138,TV-G
4139,TV-Y7
4140,TV-Y7
4141,TV-Y
4142,TV-Y7
4143,TV-MA
4144,TV-MA
4145,TV-MA
4146,TV-Y
4147,R
4148,TV-PG
4149,TV-MA
4150,TV-Y
4151,TV-14
4152,TV-14
4153,TV-14
4154,TV-14
4155,TV-MA
4156,TV-MA
4157,TV-MA
4158,TV-14
4159,TV-MA
4160,TV-14
4161,TV-14
4162,TV-14
4163,TV-MA
4164,TV-MA
4165,TV-MA
4166,TV-MA
4167,TV-MA
4168,TV-MA
4169,TV-MA
4170,TV-MA
4171,TV-MA
4172,TV-14
4173,TV-MA
4174,TV-MA
4175,TV-MA
4176,TV-MA
4177,TV-MA
4178,TV-14
4179,TV-MA
4180,TV-14
4181,TV-14
4182,TV-MA
4183,TV-MA
4184,TV-G
4185,TV-MA
4186,TV-14
4187,TV-14
4188,TV-14
4189,TV-14
4190,TV-14
4191,TV-MA
4192,TV-14
4193,TV-MA
4194,TV-MA
4195,TV-MA
4196,TV-MA
4197,TV-14
4198,TV-MA
4199,TV-MA
4200,TV-MA
4201,TV-MA
4202,TV-MA
4203,TV-Y7
4204,TV-MA
4205,TV-MA
4206,TV-MA
4207,TV-Y
4208,TV-MA
4209,TV-PG
4210,TV-14
4211,TV-14
4212,TV-MA
4213,TV-14
4214,TV-MA
4215,TV-PG
4216,TV-14
4217,TV-14
4218,PG
4219,TV-PG
4220,TV-14
4221,TV-MA
4222,TV-MA
4223,TV-MA
4224,TV-Y7
4225,TV-MA
4226,TV-MA
4227,TV-MA
4228,TV-PG
4229,TV-MA
4230,TV-MA
4231,TV-MA
4232,TV-MA
4233,TV-MA
4234,TV-MA
4235,TV-MA
4236,TV-MA
4237,TV-MA
4238,TV-MA
4239,TV-MA
4240,TV-MA
4241,TV-MA
4242,TV-14
4243,TV-PG
4244,TV-14
4245,TV-MA
4246,TV-MA
4247,TV-MA
4248,TV-MA
4249,TV-MA
4250,TV-14
4251,TV-14
4252,TV-MA
4253,TV-MA
4254,TV-MA
4255,TV-MA
4256,TV-MA
4257,TV-MA
4258,TV-14
4259,TV-14
4260,TV-MA
4261,TV-PG
4262,TV-14
4263,TV-PG
4264,TV-14
4265,TV-MA
4266,TV-MA
4267,TV-PG
4268,TV-MA
4269,R
4270,TV-14
4271,TV-14
4272,TV-MA
4273,TV-14
4274,TV-MA
4275,TV-MA
4276,TV-MA
4277,TV-MA
4278,R
4279,TV-PG
4280,TV-14
4281,TV-MA
4282,TV-MA
4283,TV-MA
4284,TV-MA
4285,TV-MA
4286,TV-MA
4287,TV-G
4288,TV-14
4289,TV-14
4290,TV-PG
4291,TV-PG
4292,R
4293,R
4294,TV-MA
4295,PG-13
4296,TV-PG
4297,TV-MA
4298,TV-14
4299,TV-MA
4300,TV-MA
4301,TV-PG
4302,TV-MA
4303,TV-14
4304,TV-MA
4305,TV-14
4306,TV-MA
4307,R
4308,TV-MA
4309,TV-MA
4310,TV-MA
4311,TV-MA
4312,TV-Y7
4313,TV-MA
4314,TV-PG
4315,TV-MA
4316,TV-14
4317,TV-MA
4318,PG-13
4319,TV-G
4320,PG-13
4321,TV-MA
4322,TV-MA
4323,TV-MA
4324,TV-Y
4325,TV-MA
4326,TV-MA
4327,TV-14
4328,TV-MA
4329,TV-14
4330,TV-14
4331,TV-MA
4332,TV-MA
4333,TV-MA
4334,TV-MA
4335,TV-14
4336,TV-14
4337,TV-14
4338,TV-PG
4339,TV-14
4340,TV-14
4341,TV-G
4342,TV-14
4343,TV-MA
4344,TV-14
4345,TV-Y
4346,TV-MA
4347,TV-MA
4348,TV-MA
4349,TV-MA
4350,TV-MA
4351,TV-MA
4352,TV-PG
4353,TV-Y
4354,TV-PG
4355,TV-MA
4356,PG-13
4357,TV-MA
4358,TV-MA
4359,TV-MA
4360,TV-Y7
4361,TV-MA
4362,TV-MA
4363,TV-MA
4364,TV-PG
4365,TV-Y
4366,TV-MA
4367,TV-MA
4368,TV-MA
4369,TV-14
4370,TV-PG
4371,TV-MA
4372,TV-Y7
4373,TV-Y7
4374,PG
4375,TV-MA
4376,TV-14
4377,TV-PG
4378,TV-MA
4379,G
4380,TV-14
4381,TV-14
4382,TV-14
4383,TV-MA
4384,TV-MA
4385,TV-G
4386,R
4387,TV-G
4388,TV-MA
4389,TV-PG
4390,TV-Y
4391,PG
4392,TV-14
4393,TV-MA
4394,TV-MA
4395,TV-14
4396,TV-14
4397,TV-14
4398,TV-MA
4399,TV-14
4400,TV-MA
4401,TV-PG
4402,TV-14
4403,TV-MA
4404,TV-MA
4405,R
4406,TV-MA
4407,TV-MA
4408,TV-Y
4409,TV-MA
4410,TV-MA
4411,TV-MA
4412,TV-14
4413,TV-MA
4414,TV-14
4415,TV-MA
4416,TV-G
4417,TV-14
4418,TV-G
4419,R
4420,TV-MA
4421,TV-14
4422,TV-14
4423,TV-14
4424,TV-14
4425,TV-14
4426,TV-14
4427,TV-14
4428,TV-14
4429,TV-PG
4430,TV-14
4431,TV-Y
4432,TV-14
4433,TV-14
4434,TV-PG
4435,TV-MA
4436,TV-MA
4437,TV-MA
4438,TV-14
4439,TV-MA
4440,TV-14
4441,TV-14
4442,TV-MA
4443,TV-14
4444,TV-14
4445,TV-PG
4446,TV-MA
4447,TV-14
4448,TV-MA
4449,TV-14
4450,TV-14
4451,TV-MA
4452,TV-MA
4453,TV-14
4454,TV-MA
4455,TV-14
4456,TV-14
4457,TV-14
4458,TV-14
4459,TV-14
4460,TV-14
4461,TV-MA
4462,TV-PG
4463,TV-MA
4464,TV-MA
4465,TV-14
4466,TV-PG
4467,PG
4468,TV-MA
4469,R
4470,TV-MA
4471,TV-14
4472,TV-MA
4473,PG-13
4474,TV-MA
4475,TV-14
4476,TV-14
4477,TV-MA
4478,TV-MA
4479,TV-PG
4480,TV-14
4481,TV-MA
4482,TV-14
4483,TV-MA
4484,TV-14
4485,PG-13
4486,TV-MA
4487,TV-MA
4488,TV-14
4489,TV-PG
4490,TV-PG
4491,TV-MA
4492,TV-MA
4493,PG
4494,TV-MA
4495,TV-14
4496,TV-MA
4497,TV-14
4498,TV-Y
4499,TV-MA
4500,TV-MA
4501,TV-MA
4502,TV-MA
4503,TV-MA
4504,TV-PG
4505,TV-MA
4506,TV-MA
4507,TV-MA
4508,TV-MA
4509,TV-MA
4510,TV-14
4511,TV-MA
4512,TV-Y7
4513,TV-MA
4514,TV-MA
4515,TV-MA
4516,TV-14
4517,TV-14
4518,TV-PG
4519,TV-MA
4520,R
4521,TV-MA
4522,TV-PG
4523,R
4524,TV-MA
4525,R
4526,TV-MA
4527,TV-14
4528,TV-Y
4529,PG-13
4530,TV-14
4531,TV-14
4532,TV-14
4533,TV-MA
4534,R
4535,TV-Y
4536,TV-MA
4537,TV-PG
4538,PG-13
4539,TV-MA
4540,R
4541,TV-MA
4542,TV-MA
4543,TV-MA
4544,TV-MA
4545,TV-MA
4546,TV-MA
4547,TV-MA
4548,R
4549,TV-MA
4550,TV-MA
4551,TV-MA
4552,TV-14
4553,R
4554,TV-MA
4555,TV-14
4556,TV-MA
4557,TV-14
4558,PG
4559,TV-14
4560,TV-14
4561,TV-14
4562,TV-14
4563,TV-MA
4564,TV-PG
4565,TV-14
4566,TV-14
4567,TV-MA
4568,TV-14
4569,TV-14
4570,TV-PG
4571,TV-MA
4572,TV-14
4573,TV-14
4574,TV-14
4575,TV-PG
4576,TV-14
4577,TV-14
4578,TV-14
4579,TV-14
4580,TV-14
4581,TV-14
4582,TV-14
4583,TV-14
4584,TV-PG
4585,TV-14
4586,TV-PG
4587,TV-14
4588,TV-14
4589,TV-14
4590,TV-Y
4591,TV-Y
4592,TV-MA
4593,TV-14
4594,TV-14
4595,TV-PG
4596,TV-14
4597,TV-14
4598,TV-14
4599,TV-14
4600,TV-PG
4601,TV-14
4602,TV-14
4603,TV-PG
4604,TV-14
4605,TV-14
4606,TV-14
4607,TV-MA
4608,TV-PG
4609,TV-14
4610,TV-14
4611,TV-MA
4612,TV-14
4613,TV-14
4614,TV-14
4615,TV-PG
4616,TV-14
4617,PG
4618,TV-MA
4619,TV-MA
4620,TV-MA
4621,TV-14
4622,TV-MA
4623,TV-Y7
4624,TV-Y7
4625,TV-MA
4626,TV-MA
4627,TV-MA
4628,TV-MA
4629,TV-14
4630,TV-MA
4631,TV-MA
4632,TV-MA
4633,TV-14
4634,TV-PG
4635,TV-Y7
4636,TV-14
4637,TV-MA
4638,TV-PG
4639,TV-MA
4640,TV-MA
4641,TV-Y
4642,TV-MA
4643,TV-MA
4644,TV-14
4645,TV-14
4646,TV-MA
4647,TV-MA
4648,TV-MA
4649,TV-G
4650,TV-MA
4651,TV-14
4652,TV-Y7
4653,TV-Y7
4654,TV-MA
4655,TV-MA
4656,TV-MA
4657,TV-PG
4658,PG-13
4659,TV-Y7
4660,TV-MA
4661,TV-14
4662,TV-MA
4663,TV-MA
4664,TV-14
4665,TV-MA
4666,TV-MA
4667,TV-MA
4668,TV-14
4669,TV-MA
4670,TV-PG
4671,TV-MA
4672,TV-MA
4673,TV-MA
4674,TV-MA
4675,TV-MA
4676,TV-MA
4677,TV-PG
4678,TV-PG
4679,TV-MA
4680,TV-14
4681,TV-14
4682,TV-14
4683,TV-MA
4684,TV-MA
4685,TV-MA
4686,TV-MA
4687,TV-MA
4688,TV-14
4689,TV-MA
4690,TV-MA
4691,TV-14
4692,TV-14
4693,TV-14
4694,PG-13
4695,TV-14
4696,TV-14
4697,TV-PG
4698,TV-MA
4699,TV-14
4700,TV-MA
4701,TV-14
4702,TV-MA
4703,TV-14
4704,TV-MA
4705,TV-PG
4706,TV-PG
4707,TV-MA
4708,TV-PG
4709,TV-MA
4710,TV-14
4711,TV-14
4712,TV-14
4713,TV-PG
4714,TV-14
4715,TV-MA
4716,TV-PG
4717,TV-MA
4718,TV-Y7
4719,TV-MA
4720,TV-MA
4721,TV-PG
4722,TV-MA
4723,TV-14
4724,TV-14
4725,TV-14
4726,TV-MA
4727,TV-14
4728,TV-14
4729,TV-PG
4730,TV-14
4731,TV-14
4732,TV-14
4733,TV-14
4734,TV-14
4735,TV-14
4736,TV-14
4737,TV-14
4738,TV-PG
4739,TV-G
4740,TV-MA
4741,TV-MA
4742,TV-MA
4743,TV-14
4744,TV-MA
4745,TV-MA
4746,TV-PG
4747,TV-14
4748,TV-MA
4749,TV-MA
4750,TV-MA
4751,TV-MA
4752,TV-MA
4753,TV-MA
4754,TV-14
4755,TV-MA
4756,TV-PG
4757,TV-MA
4758,TV-MA
4759,TV-PG
4760,TV-MA
4761,PG
4762,TV-MA
4763,TV-Y7
4764,TV-MA
4765,TV-Y
4766,PG
4767,TV-MA
4768,TV-14
4769,TV-14
4770,TV-14
4771,TV-G
4772,TV-MA
4773,TV-14
4774,TV-MA
4775,TV-MA
4776,TV-MA
4777,TV-MA
4778,TV-MA
4779,TV-MA
4780,TV-MA
4781,TV-PG
4782,TV-14
4783,TV-14
4784,TV-MA
4785,TV-PG
4786,TV-MA
4787,TV-MA
4788,TV-MA
4789,TV-MA
4790,TV-14
4791,TV-14
4792,TV-MA
4793,TV-14
4794,TV-14
4795,TV-MA
4796,TV-PG
4797,TV-14
4798,TV-14
4799,TV-14
4800,TV-14
4801,TV-14
4802,TV-MA
4803,TV-MA
4804,TV-MA
4805,TV-14
4806,TV-MA
4807,TV-MA
4808,TV-MA
4809,TV-MA
4810,TV-MA
4811,TV-14
4812,TV-MA
4813,R
4814,TV-Y7
4815,TV-MA
4816,TV-MA
4817,TV-MA
4818,TV-MA
4819,TV-14
4820,PG-13
4821,TV-MA
4822,TV-MA
4823,TV-MA
4824,TV-MA
4825,TV-MA
4826,TV-MA
4827,TV-MA
4828,TV-G
4829,TV-MA
4830,PG-13
4831,TV-MA
4832,TV-Y
4833,TV-Y
4834,TV-MA
4835,TV-MA
4836,TV-MA
4837,TV-MA
4838,TV-14
4839,TV-Y7
4840,TV-14
4841,TV-MA
4842,TV-MA
4843,TV-MA
4844,TV-MA
4845,TV-14
4846,TV-MA
4847,TV-MA
4848,TV-MA
4849,TV-MA
4850,TV-MA
4851,TV-MA
4852,TV-14
4853,TV-Y7
4854,TV-MA
4855,TV-14
4856,TV-MA
4857,TV-Y
4858,TV-Y7
4859,TV-MA
4860,TV-MA
4861,TV-MA
4862,PG-13
4863,TV-MA
4864,TV-MA
4865,TV-MA
4866,TV-14
4867,TV-MA
4868,TV-MA
4869,TV-14
4870,TV-PG
4871,TV-MA
4872,TV-14
4873,TV-MA
4874,G
4875,TV-G
4876,TV-MA
4877,TV-MA
4878,TV-PG
4879,TV-MA
4880,TV-Y7
4881,TV-14
4882,TV-MA
4883,TV-MA
4884,TV-MA
4885,TV-MA
4886,TV-MA
4887,TV-14
4888,TV-PG
4889,TV-MA
4890,TV-MA
4891,TV-MA
4892,PG
4893,TV-Y
4894,TV-Y
4895,TV-Y
4896,TV-Y
4897,TV-Y
4898,TV-Y
4899,TV-Y
4900,TV-14
4901,TV-PG
4902,R
4903,TV-MA
4904,TV-14
4905,TV-14
4906,TV-MA
4907,TV-MA
4908,TV-14
4909,TV-14
4910,TV-MA
4911,TV-PG
4912,TV-MA
4913,TV-14
4914,TV-PG
4915,TV-14
4916,TV-MA
4917,TV-PG
4918,TV-Y
4919,TV-MA
4920,TV-PG
4921,TV-MA
4922,TV-MA
4923,TV-PG
4924,TV-MA
4925,TV-MA
4926,TV-MA
4927,TV-MA
4928,R
4929,TV-14
4930,TV-MA
4931,TV-Y
4932,TV-MA
4933,TV-MA
4934,TV-MA
4935,TV-MA
4936,TV-MA
4937,TV-14
4938,TV-14
4939,TV-MA
4940,TV-MA
4941,TV-MA
4942,TV-MA
4943,TV-PG
4944,R
4945,TV-MA
4946,TV-MA
4947,TV-PG
4948,TV-14
4949,TV-PG
4950,TV-MA
4951,TV-MA
4952,TV-MA
4953,TV-14
4954,TV-14
4955,TV-14
4956,TV-PG
4957,TV-14
4958,TV-MA
4959,R
4960,TV-MA
4961,TV-MA
4962,TV-MA
4963,TV-MA
4964,TV-MA
4965,TV-MA
4966,R
4967,R
4968,TV-14
4969,TV-14
4970,TV-MA
4971,TV-MA
4972,TV-MA
4973,TV-MA
4974,TV-MA
4975,TV-MA
4976,TV-14
4977,TV-MA
4978,TV-PG
4979,TV-MA
4980,TV-14
4981,TV-MA
4982,TV-MA
4983,PG-13
4984,TV-MA
4985,TV-14
4986,TV-MA
4987,TV-MA
4988,TV-MA
4989,TV-14
4990,TV-MA
4991,TV-Y7
4992,TV-14
4993,TV-MA
4994,TV-MA
4995,TV-MA
4996,TV-G
4997,R
4998,TV-MA
4999,TV-14
5000,TV-G
5001,TV-MA
5002,TV-MA
5003,TV-MA
5004,TV-MA
5005,TV-MA
5006,TV-MA
5007,TV-MA
5008,TV-14
5009,TV-PG
5010,TV-14
5011,R
5012,TV-14
5013,TV-PG
5014,TV-MA
5015,TV-PG
5016,TV-MA
5017,TV-MA
5018,TV-MA
5019,TV-MA
5020,TV-MA
5021,TV-14
5022,TV-14
5023,TV-MA
5024,TV-MA
5025,TV-MA
5026,TV-MA
5027,TV-14
5028,TV-MA
5029,TV-MA
5030,TV-MA
5031,TV-14
5032,TV-MA
5033,TV-MA
5034,TV-PG
5035,TV-MA
5036,TV-Y7
5037,TV-14
5038,TV-MA
5039,TV-MA
5040,TV-MA
5041,TV-14
5042,TV-14
5043,TV-MA
5044,TV-PG
5045,TV-14
5046,TV-PG
5047,TV-14
5048,PG-13
5049,TV-MA
5050,TV-MA
5051,TV-MA
5052,TV-14
5053,TV-MA
5054,TV-MA
5055,TV-MA
5056,TV-PG
5057,TV-14
5058,TV-MA
5059,TV-MA
5060,TV-MA
5061,TV-MA
5062,TV-MA
5063,TV-MA
5064,TV-Y7
5065,R
5066,TV-MA
5067,TV-MA
5068,TV-MA
5069,TV-MA
5070,TV-MA
5071,TV-PG
5072,TV-14
5073,PG-13
5074,TV-MA
5075,TV-MA
5076,TV-MA
5077,TV-MA
5078,TV-14
5079,TV-MA
5080,TV-14
5081,TV-14
5082,TV-PG
5083,TV-MA
5084,TV-14
5085,TV-14
5086,TV-MA
5087,TV-MA
5088,TV-MA
5089,TV-MA
5090,TV-PG
5091,TV-MA
5092,PG-13
5093,TV-MA
5094,TV-14
5095,TV-MA
5096,TV-14
5097,TV-14
5098,TV-MA
5099,TV-Y7
5100,TV-MA
5101,TV-MA
5102,R
5103,R
5104,TV-MA
5105,TV-14
5106,TV-14
5107,TV-14
5108,TV-MA
5109,TV-MA
5110,TV-14
5111,TV-MA
5112,TV-PG
5113,TV-14
5114,TV-MA
5115,TV-MA
5116,TV-G
5117,R
5118,TV-MA
5119,TV-14
5120,TV-MA
5121,TV-MA
5122,TV-G
5123,TV-MA
5124,PG-13
5125,TV-MA
5126,TV-14
5127,TV-14
5128,TV-MA
5129,TV-14
5130,TV-MA
5131,TV-14
5132,TV-14
5133,TV-14
5134,TV-Y7
5135,TV-MA
5136,TV-MA
5137,TV-MA
5138,TV-Y
5139,TV-Y7
5140,TV-14
5141,TV-Y
5142,TV-PG
5143,TV-Y7
5144,TV-14
5145,TV-Y7
5146,TV-14
5147,TV-MA
5148,TV-14
5149,TV-MA
5150,TV-MA
5151,TV-MA
5152,PG-13
5153,TV-14
5154,TV-MA
5155,TV-14
5156,TV-MA
5157,TV-MA
5158,TV-MA
5159,TV-14
5160,TV-MA
5161,TV-Y
5162,TV-PG
5163,TV-PG
5164,TV-PG
5165,TV-MA
5166,TV-MA
5167,TV-Y
5168,R
5169,TV-MA
5170,TV-14
5171,TV-MA
5172,TV-MA
5173,TV-MA
5174,TV-MA
5175,TV-Y7
5176,TV-MA
5177,TV-MA
5178,TV-MA
5179,TV-MA
5180,R
5181,TV-G
5182,R
5183,TV-MA
5184,PG-13
5185,TV-14
5186,TV-MA
5187,TV-PG
5188,TV-MA
5189,TV-PG
5190,TV-G
5191,TV-MA
5192,TV-MA
5193,TV-MA
5194,TV-14
5195,TV-14
5196,TV-14
5197,TV-MA
5198,R
5199,PG-13
5200,PG
5201,TV-14
5202,TV-14
5203,R
5204,R
5205,TV-MA
5206,TV-MA
5207,TV-MA
5208,TV-MA
5209,TV-PG
5210,TV-14
5211,TV-MA
5212,TV-MA
5213,TV-MA
5214,TV-MA
5215,TV-14
5216,TV-PG
5217,TV-14
5218,TV-14
5219,TV-MA
5220,TV-Y
5221,TV-PG
5222,TV-G
5223,TV-14
5224,TV-MA
5225,TV-MA
5226,TV-MA
5227,TV-MA
5228,TV-MA
5229,TV-MA
5230,TV-MA
5231,TV-MA
5232,TV-PG
5233,TV-Y7
5234,TV-MA
5235,TV-MA
5236,TV-MA
5237,TV-Y7
5238,TV-Y7
5239,TV-MA
5240,TV-MA
5241,PG-13
5242,TV-Y7
5243,TV-14
5244,TV-Y
5245,TV-14
5246,TV-PG
5247,TV-14
5248,TV-14
5249,TV-14
5250,TV-MA
5251,TV-14
5252,TV-MA
5253,TV-MA
5254,TV-14
5255,TV-PG
5256,TV-14
5257,TV-MA
5258,TV-14
5259,TV-MA
5260,TV-PG
5261,TV-MA
5262,TV-MA
5263,TV-14
5264,TV-14
5265,NC-17
5266,TV-MA
5267,TV-MA
5268,R
5269,TV-14
5270,TV-Y
5271,TV-MA
5272,TV-MA
5273,TV-Y
5274,G
5275,TV-MA
5276,TV-14
5277,TV-MA
5278,TV-14
5279,TV-MA
5280,TV-MA
5281,TV-MA
5282,TV-MA
5283,TV-MA
5284,TV-MA
5285,TV-PG
5286,TV-14
5287,TV-14
5288,TV-14
5289,TV-MA
5290,TV-PG
5291,TV-14
5292,TV-MA
5293,TV-MA
5294,TV-MA
5295,TV-MA
5296,TV-PG
5297,TV-14
5298,TV-PG
5299,TV-14
5300,TV-PG
5301,TV-14
5302,TV-Y7
5303,TV-MA
5304,TV-14
5305,TV-14
5306,TV-MA
5307,TV-MA
5308,TV-MA
5309,TV-MA
5310,TV-14
5311,TV-MA
5312,TV-G
5313,TV-14
5314,TV-MA
5315,TV-MA
5316,TV-14
5317,TV-MA
5318,R
5319,TV-MA
5320,TV-MA
5321,TV-Y7
5322,TV-MA
5323,PG-13
5324,TV-MA
5325,TV-MA
5326,TV-MA
5327,TV-MA
5328,TV-MA
5329,TV-14
5330,TV-MA
5331,TV-MA
5332,TV-14
5333,R
5334,TV-14
5335,TV-MA
5336,TV-14
5337,TV-MA
5338,TV-14
5339,TV-14
5340,TV-14
5341,TV-Y7
5342,PG-13
5343,TV-MA
5344,TV-MA
5345,R
5346,TV-MA
5347,TV-MA
5348,TV-14
5349,TV-14
5350,TV-14
5351,TV-14
5352,TV-MA
5353,TV-14
5354,TV-Y
5355,TV-PG
5356,TV-MA
5357,TV-14
5358,TV-14
5359,TV-MA
5360,TV-Y
5361,TV-MA
5362,TV-MA
5363,TV-14
5364,TV-MA
5365,TV-MA
5366,TV-MA
5367,TV-MA
5368,TV-14
5369,TV-MA
5370,TV-MA
5371,TV-14
5372,TV-MA
5373,TV-MA
5374,TV-MA
5375,TV-MA
5376,TV-Y7
5377,TV-PG
5378,TV-MA
5379,TV-MA
5380,TV-MA
5381,TV-Y7
5382,TV-14
5383,TV-PG
5384,TV-14
5385,TV-14
5386,TV-MA
5387,TV-14
5388,TV-14
5389,TV-MA
5390,PG
5391,TV-14
5392,TV-PG
5393,TV-Y
5394,TV-14
5395,TV-MA
5396,TV-MA
5397,TV-14
5398,TV-Y
5399,TV-MA
5400,TV-14
5401,TV-PG
5402,TV-14
5403,TV-14
5404,TV-14
5405,TV-MA
5406,TV-14
5407,TV-14
5408,TV-14
5409,TV-14
5410,TV-14
5411,TV-14
5412,TV-PG
5413,TV-14
5414,TV-MA
5415,TV-Y7
5416,TV-MA
5417,TV-MA
5418,TV-MA
5419,TV-14
5420,TV-MA
5421,TV-PG
5422,TV-14
5423,TV-Y7
5424,TV-Y7
5425,TV-MA
5426,TV-MA
5427,TV-MA
5428,TV-PG
5429,TV-Y7
5430,TV-PG
5431,TV-MA
5432,TV-PG
5433,TV-MA
5434,TV-PG
5435,TV-PG
5436,TV-14
5437,TV-PG
5438,TV-14
5439,TV-14
5440,TV-MA
5441,TV-MA
5442,TV-14
5443,TV-MA
5444,R
5445,TV-MA
5446,TV-MA
5447,TV-MA
5448,TV-14
5449,TV-PG
5450,TV-MA
5451,TV-14
5452,TV-PG
5453,TV-MA
5454,TV-MA
5455,TV-MA
5456,TV-14
5457,TV-PG
5458,TV-14
5459,TV-Y7
5460,TV-MA
5461,TV-14
5462,TV-PG
5463,TV-14
5464,TV-14
5465,TV-14
5466,TV-14
5467,TV-PG
5468,TV-14
5469,TV-MA
5470,TV-14
5471,TV-MA
5472,TV-14
5473,TV-14
5474,TV-MA
5475,TV-MA
5476,TV-MA
5477,TV-14
5478,TV-MA
5479,TV-MA
5480,TV-MA
5481,TV-MA
5482,TV-14
5483,TV-14
5484,TV-MA
5485,TV-14
5486,TV-14
5487,TV-MA
5488,PG-13
5489,TV-Y7
5490,TV-MA
5491,TV-MA
5492,TV-Y7
5493,TV-MA
5494,TV-MA
5495,TV-Y
5496,TV-MA
5497,TV-PG
5498,TV-MA
5499,TV-MA
5500,TV-14
5501,TV-14
5502,TV-MA
5503,TV-MA
5504,TV-PG
5505,TV-MA
5506,TV-MA
5507,TV-MA
5508,TV-MA
5509,TV-14
5510,TV-14
5511,TV-14
5512,TV-MA
5513,TV-MA
5514,TV-14
5515,TV-MA
5516,TV-14
5517,R
5518,TV-MA
5519,TV-MA
5520,TV-Y7
5521,TV-MA
5522,TV-MA
5523,TV-MA
5524,TV-Y7
5525,TV-MA
5526,TV-MA
5527,TV-PG
5528,TV-14
5529,TV-14
5530,TV-MA
5531,TV-14
5532,TV-14
5533,TV-MA
5534,TV-14
5535,TV-MA
5536,R
5537,TV-MA
5538,TV-14
5539,TV-MA
5540,TV-MA
5541,TV-MA
5543,TV-MA
5544,TV-MA
5545,TV-MA
5546,TV-14
5547,TV-MA
5548,TV-14
5549,TV-MA
5550,TV-14
5551,TV-MA
5552,TV-MA
5553,TV-MA
5554,TV-MA
5555,TV-MA
5556,TV-MA
5557,TV-MA
5558,TV-MA
5559,TV-Y7
5560,TV-MA
5561,TV-14
5562,TV-MA
5563,TV-MA
5564,TV-14
5565,TV-MA
5566,TV-14
5567,TV-Y
5568,TV-MA
5569,TV-MA
5570,TV-PG
5571,PG
5572,R
5573,TV-MA
5574,TV-PG
5575,TV-14
5576,TV-PG
5577,TV-MA
5578,TV-MA
5579,TV-Y7
5580,TV-MA
5581,TV-14
5582,TV-PG
5583,TV-MA
5584,TV-14
5585,TV-MA
5586,TV-MA
5587,TV-MA
5588,TV-14
5589,TV-MA
5590,TV-MA
5591,TV-MA
5592,TV-Y7
5593,TV-14
5594,TV-PG
5595,TV-14
5596,TV-MA
5597,G
5598,G
5599,TV-14
5600,TV-MA
5601,TV-MA
5602,TV-14
5603,TV-MA
5604,TV-PG
5605,TV-MA
5606,TV-MA
5607,TV-MA
5608,TV-MA
5609,TV-14
5610,TV-14
5611,TV-MA
5612,TV-MA
5613,TV-MA
5614,TV-MA
5615,TV-MA
5616,TV-MA
5617,TV-PG
5618,TV-14
5619,TV-14
5620,TV-MA
5621,TV-MA
5622,TV-Y
5623,TV-MA
5624,TV-MA
5625,TV-14
5626,TV-MA
5627,TV-MA
5628,TV-MA
5629,TV-MA
5630,TV-14
5631,TV-MA
5632,TV-MA
5633,TV-MA
5634,TV-PG
5635,TV-MA
5636,TV-MA
5637,TV-14
5638,TV-MA
5639,TV-MA
5640,TV-14
5641,TV-Y
5642,PG-13
5643,TV-14
5644,TV-Y7
5645,TV-MA
5646,PG
5647,TV-MA
5648,TV-MA
5649,PG
5650,TV-MA
5651,TV-14
5652,TV-MA
5653,TV-MA
5654,TV-14
5655,TV-MA
5656,TV-14
5657,TV-MA
5658,TV-MA
5659,TV-MA
5660,TV-Y7
5661,TV-14
5662,TV-MA
5663,TV-MA
5664,TV-MA
5665,TV-MA
5666,TV-PG
5667,TV-MA
5668,TV-14
5669,TV-14
5670,TV-MA
5671,TV-14
5672,TV-14
5673,TV-14
5674,TV-14
5675,TV-PG
5676,TV-PG
5677,TV-PG
5678,TV-MA
5679,TV-MA
5680,TV-MA
5681,TV-MA
5682,TV-G
5683,TV-14
5684,TV-14
5685,TV-14
5686,TV-MA
5687,TV-14
5688,TV-MA
5689,TV-14
5690,TV-MA
5691,TV-MA
5692,TV-MA
5693,TV-G
5694,TV-14
5695,TV-MA
5696,TV-PG
5697,TV-14
5698,TV-PG
5699,TV-14
5700,TV-PG
5701,TV-PG
5702,TV-MA
5703,TV-MA
5704,TV-14
5705,TV-MA
5706,TV-14
5707,TV-MA
5708,TV-14
5709,TV-MA
5710,TV-MA
5711,TV-14
5712,TV-MA
5713,TV-MA
5714,TV-MA
5715,TV-MA
5716,TV-MA
5717,TV-MA
5718,TV-MA
5719,TV-MA
5720,TV-14
5721,TV-MA
5722,TV-MA
5723,TV-MA
5724,TV-Y7
5725,TV-MA
5726,TV-14
5727,TV-PG
5728,TV-14
5729,TV-14
5730,TV-14
5731,TV-MA
5732,TV-14
5733,TV-14
5734,TV-MA
5735,TV-Y
5736,TV-MA
5737,G
5738,TV-14
5739,TV-PG
5740,TV-14
5741,TV-MA
5742,TV-MA
5743,TV-MA
5744,TV-MA
5745,TV-MA
5746,TV-MA
5747,TV-MA
5748,TV-MA
5749,TV-PG
5750,TV-14
5751,TV-14
5752,TV-14
5753,TV-MA
5754,TV-14
5755,TV-MA
5756,TV-MA
5757,TV-MA
5758,TV-MA
5759,TV-MA
5760,TV-Y
5761,TV-MA
5762,TV-Y7
5763,TV-PG
5764,TV-14
5765,TV-MA
5766,TV-MA
5767,TV-14
5768,TV-MA
5769,TV-14
5770,TV-Y
5771,TV-MA
5772,TV-PG
5773,TV-MA
5774,TV-Y7
5775,TV-MA
5776,TV-Y7
5777,TV-14
5778,TV-14
5779,TV-MA
5780,TV-MA
5781,TV-MA
5782,TV-14
5783,TV-MA
5784,TV-MA
5785,TV-MA
5786,TV-Y
5787,TV-MA
5788,TV-MA
5789,TV-MA
5790,TV-MA
5791,TV-MA
5792,TV-MA
5793,TV-MA
5794,TV-MA
5796,TV-PG
5797,TV-14
5798,TV-PG
5799,TV-MA
5800,TV-14
5801,TV-Y7
5802,TV-14
5803,TV-MA
5804,TV-MA
5805,TV-14
5806,TV-MA
5807,TV-14
5808,TV-Y7
5809,TV-14
5810,TV-MA
5811,TV-MA
5812,TV-14
5813,TV-MA
5815,TV-14
5816,TV-14
5817,TV-PG
5818,TV-14
5819,TV-14
5820,TV-MA
5821,TV-MA
5822,TV-MA
5823,TV-14
5824,TV-G
5825,TV-MA
5826,TV-MA
5827,TV-14
5828,TV-Y7
5829,TV-MA
5830,TV-Y
5831,TV-MA
5832,TV-MA
5833,R
5834,TV-MA
5835,TV-14
5836,TV-MA
5837,TV-MA
5838,TV-MA
5839,TV-Y
5840,TV-MA
5841,TV-MA
5842,PG-13
5843,TV-MA
5844,TV-MA
5845,TV-PG
5846,TV-PG
5847,TV-MA
5848,TV-MA
5849,TV-MA
5850,TV-MA
5851,TV-MA
5852,TV-MA
5853,R
5854,TV-MA
5855,TV-MA
5856,TV-Y
5857,TV-14
5858,TV-PG
5859,R
5860,TV-MA
5861,TV-14
5862,TV-PG
5863,TV-MA
5864,TV-14
5865,PG-13
5866,PG
5867,TV-14
5868,TV-Y
5869,TV-MA
5870,TV-Y7
5871,TV-Y
5872,TV-MA
5873,TV-MA
5874,R
5875,R
5876,TV-MA
5877,TV-MA
5878,TV-Y
5879,TV-MA
5880,TV-14
5881,TV-MA
5882,TV-14
5883,TV-PG
5884,TV-MA
5885,TV-MA
5886,TV-MA
5887,TV-MA
5888,TV-Y
5889,TV-MA
5890,R
5891,TV-MA
5892,TV-MA
5893,TV-MA
5894,TV-MA
5895,TV-14
5896,TV-PG
5897,TV-14
5898,TV-PG
5899,TV-MA
5900,TV-MA
5901,TV-MA
5902,TV-14
5903,TV-Y7
5904,R
5905,TV-MA
5906,TV-MA
5907,TV-14
5908,TV-MA
5909,TV-Y
5910,TV-MA
5911,TV-MA
5912,TV-MA
5913,TV-14
5914,TV-MA
5915,TV-Y
5916,TV-MA
5917,TV-MA
5918,TV-MA
5919,TV-14
5920,TV-MA
5921,TV-MA
5922,TV-MA
5923,TV-MA
5924,TV-G
5925,TV-MA
5926,TV-MA
5927,TV-MA
5928,TV-MA
5929,TV-MA
5930,TV-14
5931,TV-PG
5932,TV-MA
5933,TV-14
5934,TV-MA
5935,TV-PG
5936,TV-MA
5937,TV-G
5938,PG
5939,TV-MA
5940,TV-14
5941,TV-MA
5942,PG
5943,TV-14
5944,TV-MA
5945,TV-14
5946,TV-14
5947,TV-PG
5948,TV-PG
5949,TV-PG
5950,TV-MA
5951,TV-PG
5952,TV-14
5953,TV-14
5954,TV-PG
5955,TV-MA
5956,TV-MA
5957,TV-MA
5958,TV-MA
5959,PG-13
5960,PG-13
5961,R
5962,TV-14
5963,TV-MA
5964,TV-14
5965,TV-14
5966,R
5967,TV-14
5968,TV-PG
5969,TV-14
5970,TV-14
5971,TV-14
5972,NR
5973,TV-14
5974,TV-14
5975,TV-14
5976,TV-MA
5977,TV-MA
5978,PG-13
5979,TV-MA
5980,TV-PG
5981,TV-14
5982,PG-13
5983,TV-MA
5984,TV-14
5985,TV-14
5986,TV-MA
5987,TV-14
5988,NR
5989,R
5991,R
5992,TV-MA
5993,PG-13
5994,PG-13
5995,TV-MA
5996,TV-MA
5997,PG-13
5998,TV-PG
5999,TV-14
6000,R
6001,R
6002,TV-14
6003,TV-MA
6004,R
6005,TV-MA
6006,TV-MA
6007,PG-13
6008,TV-MA
6009,PG-13
6010,TV-PG
6011,TV-PG
6012,TV-14
6013,R
6014,TV-14
6015,TV-MA
6016,NR
6017,TV-MA
6018,R
6019,PG-13
6020,R
6021,TV-14
6022,R
6023,TV-MA
6024,R
6025,TV-14
6026,TV-PG
6027,TV-PG
6028,R
6029,TV-14
6030,PG
6031,PG
6032,R
6033,R
6034,TV-PG
6035,R
6036,TV-14
6037,R
6038,TV-14
6039,TV-MA
6040,R
6041,TV-14
6042,TV-G
6043,R
6044,TV-MA
6045,TV-14
6046,TV-MA
6047,R
6048,PG-13
6049,TV-14
6050,PG-13
6051,TV-MA
6052,TV-MA
6053,R
6054,TV-PG
6055,NR
6056,TV-MA
6057,PG-13
6058,R
6059,TV-PG
6060,PG-13
6061,R
6062,PG-13
6063,PG
6064,TV-MA
6065,TV-14
6066,PG
6067,TV-MA
6068,TV-14
6069,TV-MA
6070,PG
6071,TV-MA
6072,TV-MA
6073,TV-PG
6074,TV-14
6075,TV-14
6076,TV-14
6077,TV-PG
6078,TV-MA
6079,TV-14
6080,TV-PG
6081,TV-Y7
6082,PG-13
6083,TV-MA
6084,TV-MA
6085,TV-MA
6086,PG-13
6087,R
6088,NR
6089,R
6090,TV-14
6091,TV-14
6092,R
6093,TV-14
6094,NR
6095,TV-PG
6096,NR
6097,TV-MA
6098,TV-MA
6099,R
6100,TV-MA
6101,TV-MA
6102,TV-MA
6103,TV-14
6104,TV-14
6105,R
6106,TV-PG
6107,TV-14
6108,TV-14
6109,TV-MA
6110,TV-PG
6111,TV-MA
6112,PG
6113,TV-PG
6114,PG
6115,TV-14
6116,R
6117,G
6118,TV-MA
6119,TV-G
6120,TV-MA
6121,R
6122,R
6123,R
6124,R
6125,TV-G
6126,TV-Y7
6127,TV-Y
6128,TV-G
6129,TV-14
6130,TV-MA
6131,TV-14
6132,TV-14
6133,TV-14
6134,TV-MA
6135,R
6136,R
6137,TV-14
6138,TV-MA
6139,TV-MA
6140,TV-PG
6141,TV-14
6142,TV-MA
6143,R
6144,R
6145,R
6146,TV-MA
6147,TV-14
6148,R
6149,TV-MA
6150,R
6151,TV-PG
6152,G
6153,G
6154,G
6155,G
6156,TV-14
6157,TV-14
6158,TV-PG
6159,TV-MA
6160,TV-MA
6161,TV-MA
6162,TV-14
6163,R
6164,R
6165,PG-13
6166,TV-MA
6167,TV-14
6168,TV-14
6169,TV-14
6170,TV-PG
6171,TV-PG
6172,PG-13
6173,TV-MA
6174,TV-Y7
6175,TV-PG
6176,TV-MA
6177,TV-14
6178,TV-Y7
6179,TV-MA
6180,NR
6181,PG-13
6182,PG
6183,TV-14
6184,TV-14
6185,TV-14
6186,PG-13
6187,PG
6188,R
6189,PG-13
6190,TV-MA
6191,NR
6192,TV-MA
6193,TV-14
6194,TV-14
6195,TV-Y7
6196,TV-14
6197,TV-14
6198,TV-PG
6199,TV-MA
6200,R
6201,PG-13
6202,TV-MA
6203,TV-14
6204,TV-14
6205,TV-14
6206,R
6207,TV-MA
6208,NR
6209,NR
6210,TV-MA
6211,R
6212,R
6213,R
6214,TV-MA
6215,TV-MA
6216,TV-MA
6217,TV-14
6218,TV-14
6219,TV-14
6220,TV-MA
6221,G
6222,G
6223,G
6224,TV-MA
6225,TV-14
6226,R
6227,NR
6228,TV-MA
6229,TV-MA
6230,TV-MA
6231,TV-14
6232,TV-MA
6233,TV-14
6234,TV-MA
6235,TV-Y
6236,TV-Y
6237,TV-Y
6238,TV-Y
6239,TV-Y
6240,TV-Y7
6241,TV-Y
6242,TV-Y
6243,TV-Y
6244,TV-Y
6245,PG-13
6246,TV-14
6247,TV-PG
6248,R
6249,R
6250,TV-Y
6251,TV-MA
6252,PG-13
6253,TV-14
6254,TV-PG
6255,TV-PG
6256,TV-14
6257,TV-MA
6258,PG
6259,TV-Y
6260,TV-G
6261,PG-13
6262,TV-G
6263,TV-PG
6264,TV-14
6265,TV-14
6266,TV-MA
6267,PG-13
6268,PG-13
6269,TV-14
6270,TV-14
6271,PG-13
6272,PG
6273,PG
6274,TV-14
6275,TV-MA
6276,TV-MA
6277,TV-MA
6278,TV-MA
6279,TV-14
6280,TV-14
6281,TV-MA
6282,TV-Y7
6283,TV-MA
6284,PG
6285,TV-G
6286,TV-14
6287,R
6288,TV-14
6289,TV-PG
6290,TV-PG
6291,TV-14
6292,TV-Y7
6293,TV-14
6294,TV-14
6295,TV-PG
6296,TV-14
6297,TV-14
6298,TV-Y
6299,TV-14
6300,TV-MA
6301,TV-14
6302,TV-G
6303,TV-MA
6304,PG-13
6305,TV-G
6306,PG
6307,R
6308,TV-MA
6309,PG
6310,R
6311,NR
6312,R
6313,TV-PG
6314,TV-MA
6315,TV-14
6316,TV-MA
6317,R
6318,TV-14
6319,TV-MA
6320,TV-MA
6321,TV-14
6322,TV-MA
6323,R
6324,TV-14
6325,TV-PG
6326,PG-13
6327,TV-MA
6328,R
6329,TV-MA
6330,PG-13
6331,PG-13
6332,R
6333,R
6334,PG
6335,TV-MA
6336,TV-14
6337,R
6338,R
6339,NC-17
6340,PG-13
6341,R
6342,TV-G
6343,R
6344,PG-13
6345,R
6346,TV-MA
6347,TV-MA
6348,TV-G
6349,TV-G
6350,TV-MA
6351,TV-14
6352,TV-14
6353,TV-14
6354,TV-14
6355,PG
6356,TV-14
6357,TV-MA
6358,TV-PG
6359,R
6360,TV-MA
6361,TV-PG
6362,TV-14
6363,TV-MA
6364,TV-14
6365,TV-MA
6366,TV-MA
6367,PG
6368,TV-MA
6369,TV-G
6370,TV-MA
6371,PG
6372,TV-14
6373,TV-MA
6374,TV-PG
6375,TV-MA
6376,TV-MA
6377,R
6378,PG-13
6379,TV-14
6380,R
6381,TV-MA
6382,TV-14
6383,TV-PG
6384,TV-PG
6385,TV-PG
6386,TV-PG
6387,TV-MA
6388,TV-G
6389,TV-MA
6390,TV-PG
6391,PG-13
6392,TV-MA
6393,TV-MA
6394,TV-MA
6395,TV-MA
6396,TV-14
6397,R
6398,R
6399,TV-PG
6400,TV-14
6401,TV-MA
6402,TV-MA
6403,TV-MA
6404,TV-14
6405,TV-Y
6406,TV-Y
6407,TV-Y
6408,TV-14
6409,TV-14
6410,TV-MA
6411,TV-G
6412,TV-MA
6413,R
6414,TV-14
6415,PG-13
6416,R
6417,TV-MA
6418,TV-14
6419,TV-PG
6420,TV-MA
6421,TV-Y
6422,TV-14
6423,R
6424,R
6425,PG-13
6426,R
6427,TV-14
6428,PG-13
6429,TV-MA
6430,TV-MA
6431,TV-MA
6432,NR
6433,TV-14
6434,PG
6435,TV-PG
6436,TV-MA
6437,TV-PG
6438,PG-13
6439,TV-PG
6440,TV-14
6441,TV-14
6442,TV-14
6443,TV-G
6444,PG
6445,TV-14
6446,PG-13
6447,PG
6448,PG-13
6449,G
6450,TV-PG
6451,R
6452,TV-PG
6453,TV-MA
6454,TV-PG
6455,TV-14
6456,TV-14
6457,TV-PG
6458,TV-PG
6459,R
6460,TV-14
6461,TV-MA
6462,TV-Y7
6463,TV-Y7
6464,TV-Y7
6465,TV-Y7
6466,TV-14
6467,G
6468,TV-MA
6469,R
6470,TV-G
6471,TV-MA
6472,TV-MA
6473,NR
6474,G
6475,R
6476,TV-MA
6477,PG
6478,TV-MA
6479,TV-PG
6480,TV-G
6481,PG
6482,PG
6483,R
6484,TV-Y7
6485,TV-14
6486,TV-PG
6487,PG-13
6488,TV-PG
6489,R
6490,TV-MA
6491,TV-14
6492,TV-MA
6493,PG-13
6494,TV-PG
6495,TV-MA
6496,TV-PG
6497,PG
6498,PG-13
6499,TV-14
6500,TV-MA
6501,R
6502,R
6503,R
6504,PG-13
6505,TV-MA
6506,TV-MA
6507,TV-MA
6508,TV-MA
6509,TV-MA
6510,TV-MA
6511,PG-13
6512,PG-13
6513,TV-PG
6514,TV-14
6515,TV-MA
6516,TV-14
6517,R
6518,TV-14
6519,R
6520,TV-14
6521,TV-14
6522,TV-PG
6523,TV-MA
6524,TV-MA
6525,TV-14
6526,TV-MA
6527,R
6528,TV-MA
6529,R
6530,TV-MA
6531,TV-14
6532,TV-14
6533,TV-MA
6534,TV-14
6535,PG
6536,TV-MA
6537,PG
6538,TV-14
6539,TV-MA
6540,TV-G
6541,R
6542,TV-MA
6543,TV-MA
6544,PG-13
6545,R
6546,R
6547,TV-14
6548,TV-MA
6549,PG
6550,TV-PG
6551,PG
6552,TV-MA
6553,NR
6554,TV-14
6555,TV-MA
6556,R
6557,TV-PG
6558,TV-PG
6559,TV-MA
6560,TV-MA
6561,TV-MA
6562,TV-MA
6563,PG-13
6564,TV-PG
6565,TV-MA
6566,R
6567,R
6568,TV-MA
6569,TV-MA
6570,TV-14
6571,NR
6572,TV-MA
6573,TV-MA
6574,TV-MA
6575,TV-PG
6576,R
6577,TV-MA
6578,TV-14
6579,TV-14
6580,PG-13
6581,TV-14
6582,TV-Y7-FV
6583,TV-PG
6584,R
6585,R
6586,TV-MA
6587,TV-MA
6588,TV-MA
6589,TV-MA
6590,TV-14
6591,R
6592,NR
6593,R
6594,R
6595,TV-MA
6596,TV-MA
6597,TV-14
6598,R
6599,TV-14
6600,TV-MA
6601,TV-MA
6602,TV-PG
6603,TV-PG
6604,TV-MA
6605,TV-14
6606,TV-14
6607,TV-PG
6608,TV-PG
6609,NR
6610,PG-13
6611,TV-14
6612,TV-MA
6613,PG-13
6614,TV-G
6615,TV-14
6616,TV-MA
6617,TV-14
6618,R
6619,TV-MA
6620,PG-13
6621,TV-MA
6622,TV-PG
6623,PG
6624,R
6625,TV-14
6626,PG-13
6627,R
6628,TV-MA
6629,TV-MA
6630,TV-14
6631,R
6632,TV-MA
6633,R
6634,R
6635,R
6636,TV-14
6637,TV-14
6638,PG-13
6639,TV-PG
6640,PG
6641,PG
6642,PG-13
6643,PG-13
6644,PG
6645,PG-13
6646,TV-Y
6647,TV-14
6648,TV-G
6649,TV-MA
6650,TV-PG
6651,TV-PG
6652,TV-MA
6653,TV-14
6654,TV-14
6655,TV-14
6656,PG-13
6657,TV-14
6658,PG
6659,TV-Y
6660,TV-PG
6661,TV-14
6662,PG
6663,PG-13
6664,TV-MA
6665,PG-13
6666,TV-MA
6667,TV-14
6668,TV-14
6669,TV-PG
6670,TV-MA
6671,R
6672,NR
6673,TV-MA
6674,TV-MA
6675,TV-PG
6676,TV-14
6677,TV-14
6678,TV-14
6679,TV-MA
6680,TV-PG
6681,TV-MA
6682,TV-G
6683,R
6684,TV-14
6685,TV-MA
6686,TV-PG
6687,TV-PG
6688,TV-MA
6689,TV-PG
6690,TV-MA
6691,TV-PG
6692,TV-14
6693,PG-13
6694,TV-MA
6695,TV-14
6696,TV-14
6697,R
6698,TV-MA
6699,R
6700,TV-14
6701,TV-MA
6702,R
6703,PG-13
6704,R
6705,TV-MA
6706,NR
6707,TV-14
6708,TV-14
6709,R
6710,TV-PG
6711,PG
6712,R
6713,TV-MA
6714,R
6715,TV-PG
6716,PG-13
6717,R
6718,TV-14
6719,TV-14
6720,R
6721,TV-MA
6722,NR
6723,R
6724,TV-14
6725,TV-MA
6726,TV-MA
6727,TV-PG
6728,TV-PG
6729,TV-14
6730,TV-MA
6731,TV-MA
6732,TV-MA
6733,TV-G
6734,TV-14
6735,TV-14
6736,R
6737,TV-MA
6738,TV-14
6739,TV-14
6740,NR
6741,TV-MA
6742,TV-MA
6743,TV-14
6744,R
6745,TV-MA
6746,TV-MA
6747,G
6748,NR
6749,TV-Y7
6750,TV-PG
6751,TV-14
6752,TV-MA
6753,TV-PG
6754,R
6755,R
6756,R
6757,TV-14
6758,TV-MA
6759,TV-14
6760,R
6761,TV-MA
6762,TV-14
6763,NR
6764,TV-14
6765,TV-14
6766,R
6767,TV-G
6768,PG-13
6769,TV-14
6770,TV-MA
6771,TV-Y7
6772,TV-MA
6773,TV-MA
6774,TV-PG
6775,TV-14
6776,PG
6777,R
6778,TV-PG
6779,R
6780,TV-MA
6781,TV-MA
6782,G
6783,TV-14
6784,TV-14
6785,G
6786,TV-PG
6787,TV-MA
6788,TV-MA
6789,TV-MA
6790,PG
6791,PG-13
6792,TV-MA
6793,R
6794,R
6795,R
6796,TV-PG
6797,TV-MA
6798,PG
6799,PG
6800,R
6801,TV-MA
6802,TV-MA
6803,TV-PG
6804,TV-PG
6805,R
6806,R
6807,TV-14
6808,TV-14
6809,R
6810,PG
6811,TV-PG
6812,TV-PG
6813,TV-PG
6814,R
6815,TV-PG
6816,TV-MA
6817,TV-MA
6818,TV-MA
6819,PG
6820,TV-MA
6821,TV-14
6822,TV-14
6823,TV-PG
6824,TV-PG
6825,TV-MA
6826,TV-PG
6827,R
6829,TV-PG
6830,TV-PG
6831,TV-MA
6832,TV-MA
6833,TV-PG
6834,TV-PG
6835,TV-PG
6836,TV-PG
6837,TV-MA
6838,PG
6839,TV-Y
6840,R
6841,PG
6842,TV-MA
6843,PG-13
6844,PG-13
6845,TV-14
6846,TV-MA
6847,TV-MA
6848,PG-13
6849,TV-MA
6850,TV-14
6851,TV-14
6852,TV-MA
6853,TV-14
6854,G
6855,PG-13
6856,TV-14
6857,NR
6858,TV-14
6859,PG
6860,TV-PG
6861,NR
6862,PG
6863,PG
6864,TV-MA
6865,TV-PG
6866,TV-Y
6867,PG-13
6868,TV-MA
6869,TV-Y
6870,R
6871,TV-14
6872,TV-MA
6873,R
6874,TV-14
6875,R
6876,R
6877,TV-MA
6878,TV-MA
6879,PG
6880,R
6881,R
6882,TV-MA
6883,R
6884,PG
6885,R
6886,TV-14
6887,R
6888,TV-14
6889,R
6890,TV-14
6891,TV-PG
6892,TV-MA
6893,TV-MA
6894,PG
6895,TV-PG
6896,TV-PG
6897,R
6898,TV-MA
6899,TV-MA
6900,TV-PG
6901,TV-PG
6902,TV-14
6903,TV-G
6904,TV-MA
6905,TV-MA
6906,TV-14
6907,TV-MA
6908,TV-14
6909,TV-14
6910,PG
6911,PG-13
6912,TV-14
6913,TV-14
6914,R
6915,TV-14
6916,R
6917,TV-14
6918,TV-MA
6919,TV-G
6920,TV-14
6921,TV-MA
6922,NR
6923,TV-MA
6924,TV-MA
6925,TV-MA
6926,R
6927,TV-14
6928,R
6929,R
6930,TV-14
6931,TV-14
6932,TV-G
6933,TV-Y7
6934,TV-PG
6935,NR
6936,TV-PG
6937,TV-PG
6938,TV-14
6939,TV-MA
6940,TV-MA
6941,TV-MA
6942,TV-14
6943,TV-MA
6944,R
6945,PG-13
6946,R
6947,TV-MA
6948,TV-MA
6949,TV-14
6950,PG-13
6951,TV-MA
6952,TV-MA
6953,PG
6954,TV-MA
6955,R
6956,TV-14
6957,R
6958,PG-13
6959,R
6960,TV-14
6961,TV-14
6962,TV-MA
6963,TV-MA
6964,TV-MA
6965,TV-MA
6966,TV-Y7
6967,TV-14
6968,TV-14
6969,TV-14
6970,TV-PG
6971,TV-PG
6972,TV-14
6973,TV-PG
6974,TV-MA
6975,TV-MA
6976,TV-14
6977,TV-PG
6978,PG-13
6979,TV-PG
6980,TV-14
6981,TV-PG
6982,TV-Y
6983,TV-MA
6984,TV-MA
6985,TV-MA
6986,NR
6987,TV-14
6988,TV-MA
6989,TV-14
6990,TV-PG
6991,PG-13
6992,PG-13
6993,PG
6994,TV-14
6995,PG
6996,TV-14
6997,TV-MA
6998,R
6999,TV-14
7000,TV-14
7001,TV-14
7002,TV-PG
7003,R
7004,NR
7005,TV-MA
7006,PG-13
7007,TV-14
7008,TV-MA
7009,PG
7010,PG-13
7011,TV-14
7012,TV-14
7013,TV-PG
7014,PG
7015,PG-13
7016,R
7017,NR
7018,TV-MA
7019,PG-13
7020,TV-PG
7021,TV-14
7022,PG-13
7023,TV-G
7024,TV-PG
7025,TV-PG
7026,TV-MA
7027,R
7028,R
7029,TV-14
7030,TV-Y7
7031,TV-MA
7032,TV-MA
7033,R
7034,TV-14
7035,TV-MA
7036,TV-MA
7037,PG
7038,TV-14
7039,TV-14
7040,TV-14
7041,TV-14
7042,NR
7043,R
7044,R
7045,PG-13
7046,TV-14
7047,TV-14
7048,R
7049,PG-13
7050,PG
7051,TV-MA
7052,TV-MA
7053,R
7054,TV-14
7055,TV-PG
7056,PG
7057,NR
7058,PG
7059,UR
7060,TV-14
7061,R
7062,PG-13
7063,TV-14
7064,TV-MA
7065,TV-MA
7066,R
7067,TV-MA
7068,PG
7069,NR
7070,TV-PG
7071,PG-13
7072,PG-13
7073,PG
7074,PG
7075,TV-MA
7076,PG
7077,TV-PG
7078,R
7079,PG
7080,TV-14
7081,TV-MA
7082,TV-14
7083,TV-14
7084,TV-MA
7085,PG-13
7086,TV-MA
7087,TV-14
7088,R
7089,TV-PG
7090,TV-14
7091,TV-14
7092,PG-13
7093,TV-PG
7094,TV-MA
7095,TV-Y7
7096,TV-14
7097,TV-14
7098,PG
7099,TV-Y7
7100,TV-14
7101,TV-PG
7102,TV-MA
7103,TV-MA
7104,PG
7105,TV-14
7106,TV-MA
7107,TV-14
7108,NR
7109,TV-Y7
7110,TV-14
7111,PG
7112,TV-MA
7113,TV-MA
7114,R
7115,TV-14
7116,TV-14
7117,TV-Y
7118,TV-14
7119,TV-14
7120,TV-14
7121,TV-G
7122,R
7123,TV-MA
7124,TV-G
7125,PG-13
7126,TV-14
7127,R
7128,TV-14
7129,TV-MA
7130,TV-14
7131,R
7132,TV-Y7
7133,PG
7134,TV-14
7135,TV-14
7136,TV-14
7137,PG-13
7138,TV-MA
7139,TV-MA
7140,TV-MA
7141,TV-14
7142,TV-MA
7143,TV-MA
7144,TV-14
7145,TV-14
7146,PG
7147,TV-14
7148,PG-13
7149,TV-Y
7150,PG-13
7151,R
7152,PG-13
7153,PG-13
7154,TV-14
7155,G
7156,TV-MA
7157,PG-13
7158,TV-14
7159,TV-14
7160,TV-PG
7161,TV-14
7162,TV-PG
7163,TV-MA
7164,TV-14
7165,PG
7166,TV-14
7167,TV-MA
7168,TV-14
7169,TV-14
7170,TV-14
7171,PG-13
7172,TV-PG
7173,NR
7174,TV-14
7175,TV-14
7176,TV-14
7177,TV-PG
7178,TV-PG
7179,R
7180,R
7181,TV-MA
7182,TV-MA
7183,TV-14
7184,TV-14
7185,TV-14
7186,TV-14
7187,TV-14
7188,TV-14
7189,TV-PG
7190,TV-14
7191,TV-14
7192,R
7193,TV-MA
7194,R
7195,TV-14
7196,R
7197,TV-Y
7198,R
7199,R
7200,TV-MA
7201,TV-14
7202,TV-MA
7203,R
7204,PG-13
7205,PG-13
7206,TV-MA
7207,R
7208,NR
7209,PG-13
7210,TV-PG
7211,PG-13
7212,R
7213,TV-PG
7214,R
7215,TV-14
7216,TV-14
7217,TV-14
7218,TV-MA
7219,R
7220,TV-14
7221,PG-13
7222,TV-G
7223,TV-PG
7224,PG-13
7225,TV-14
7226,TV-MA
7227,TV-Y7
7228,TV-Y7
7229,TV-Y
7230,TV-Y7
7231,TV-Y7
7232,TV-Y7
7233,TV-Y7
7234,TV-Y7
7235,R
7236,TV-Y7
7237,NR
7238,R
7239,TV-MA
7240,R
7241,TV-Y7
7242,TV-PG
7243,TV-PG
7244,TV-14
7245,R
7246,TV-14
7247,TV-MA
7248,TV-PG
7249,TV-MA
7250,TV-PG
7251,TV-MA
7252,R
7253,PG-13
7254,TV-MA
7255,TV-14
7256,TV-14
7257,TV-MA
7258,TV-PG
7259,TV-14
7260,TV-14
7261,TV-MA
7262,R
7263,PG-13
7264,NC-17
7265,TV-14
7266,TV-MA
7267,TV-14
7268,TV-14
7269,TV-14
7270,TV-MA
7271,R
7272,R
7273,TV-14
7274,TV-PG
7275,PG
7276,TV-Y
7277,TV-Y
7278,TV-Y
7279,TV-Y
7280,TV-Y
7281,TV-MA
7282,PG-13
7283,PG
7284,TV-MA
7285,TV-14
7286,TV-PG
7287,R
7288,TV-G
7289,TV-Y
7290,TV-G
7291,TV-Y7-FV
7292,TV-Y
7293,TV-Y7-FV
7294,TV-MA
7295,TV-PG
7296,TV-MA
7297,TV-14
7298,TV-PG
7299,R
7300,TV-PG
7301,TV-G
7302,TV-14
7303,TV-MA
7304,TV-14
7305,TV-PG
7306,R
7307,R
7308,TV-MA
7309,PG-13
7310,TV-14
7311,TV-14
7312,TV-14
7314,TV-Y7
7315,TV-Y7
7316,PG
7317,PG-13
7318,TV-Y7-FV
7319,TV-Y7
7320,TV-Y7
7321,NR
7322,TV-G
7323,TV-14
7324,PG-13
7325,TV-14
7326,TV-14
7327,R
7328,R
7329,PG-13
7330,TV-MA
7331,PG
7332,TV-Y
7333,R
7334,TV-MA
7335,TV-14
7336,TV-14
7337,NR
7338,TV-14
7339,TV-MA
7340,TV-14
7341,TV-14
7342,TV-14
7343,TV-14
7344,TV-MA
7345,TV-MA
7346,TV-MA
7347,TV-14
7348,TV-14
7349,TV-PG
7350,TV-MA
7351,TV-MA
7352,TV-14
7353,TV-14
7354,TV-G
7355,R
7356,TV-MA
7357,TV-MA
7358,TV-14
7359,TV-PG
7360,TV-PG
7361,TV-14
7362,TV-14
7363,TV-MA
7364,TV-14
7365,TV-PG
7366,R
7367,TV-MA
7368,R
7369,TV-14
7370,PG-13
7371,NR
7372,TV-MA
7373,TV-14
7374,TV-MA
7375,TV-MA
7376,TV-Y7
7377,TV-14
7378,TV-Y
7379,TV-14
7380,TV-PG
7381,TV-14
7382,TV-14
7383,TV-14
7384,TV-14
7385,TV-PG
7386,TV-14
7387,TV-14
7388,TV-PG
7389,TV-PG
7390,TV-MA
7391,R
7392,R
7393,TV-PG
7394,TV-MA
7395,TV-14
7396,PG-13
7397,TV-14
7398,TV-14
7399,TV-MA
7400,PG-13
7401,TV-MA
7402,TV-14
7403,TV-MA
7404,R
7405,TV-14
7406,TV-14
7407,TV-MA
7408,TV-MA
7409,TV-14
7410,TV-PG
7411,R
7412,R
7413,TV-PG
7414,TV-14
7415,TV-PG
7416,PG
7417,PG
7418,PG
7419,TV-14
7420,TV-14
7421,NR
7422,TV-MA
7423,TV-14
7424,TV-14
7425,TV-MA
7426,TV-14
7427,TV-PG
7428,TV-PG
7429,TV-PG
7430,TV-MA
7431,R
7432,R
7433,TV-PG
7434,TV-MA
7435,TV-14
7436,TV-G
7437,TV-PG
7438,TV-PG
7439,TV-14
7440,R
7441,TV-MA
7442,TV-14
7443,PG-13
7444,PG-13
7445,TV-MA
7446,R
7447,TV-14
7448,TV-MA
7449,TV-MA
7450,TV-PG
7451,TV-14
7452,R
7453,PG
7454,TV-14
7455,PG-13
7456,TV-Y7
7457,R
7458,TV-G
7459,TV-14
7460,TV-PG
7461,PG
7462,PG
7463,TV-MA
7464,TV-14
7465,PG-13
7466,PG-13
7467,TV-14
7468,NR
7469,TV-MA
7470,TV-MA
7471,NR
7472,TV-14
7473,TV-MA
7474,TV-PG
7475,R
7476,TV-MA
7477,TV-MA
7478,R
7479,TV-14
7480,R
7481,TV-14
7482,PG-13
7483,R
7484,TV-PG
7485,R
7486,TV-PG
7487,PG
7488,TV-MA
7489,PG
7490,TV-Y7
7491,TV-Y7
7492,TV-Y7
7493,TV-Y7
7494,TV-Y7
7495,TV-Y7
7496,TV-Y7
7497,TV-Y7
7498,TV-Y7
7499,TV-Y7
7500,TV-Y7
7501,TV-G
7502,TV-Y7
7503,TV-Y
7504,PG-13
7505,TV-G
7506,TV-G
7507,R
7508,R
7509,R
7510,TV-14
7511,R
7512,TV-MA
7513,TV-14
7514,TV-Y7-FV
7515,PG
7516,R
7517,PG-13
7518,PG-13
7519,TV-14
7520,TV-14
7521,PG-13
7522,TV-G
7523,TV-14
7524,PG-13
7525,TV-PG
7526,PG
7527,PG
7528,NR
7529,TV-MA
7530,TV-PG
7531,TV-PG
7532,TV-PG
7533,TV-PG
7534,TV-14
7535,TV-14
7536,PG-13
7537,TV-MA
7539,TV-PG
7540,PG-13
7541,TV-14
7542,TV-Y
7543,TV-Y
7544,TV-14
7545,TV-14
7546,TV-MA
7547,PG-13
7548,TV-MA
7549,TV-MA
7550,R
7551,TV-14
7552,TV-14
7553,TV-PG
7554,PG
7555,TV-PG
7556,TV-MA
7557,TV-PG
7558,TV-14
7559,NR
7560,TV-14
7561,TV-MA
7562,TV-MA
7563,PG-13
7564,TV-G
7565,PG
7566,TV-14
7567,R
7568,R
7569,TV-PG
7570,TV-G
7571,TV-G
7572,TV-PG
7573,TV-PG
7574,TV-PG
7575,TV-PG
7576,TV-MA
7577,TV-PG
7578,R
7579,TV-PG
7580,PG
7581,NR
7582,PG-13
7583,TV-14
7584,TV-MA
7585,R
7586,R
7587,TV-MA
7588,PG-13
7589,TV-Y7
7590,TV-G
7591,TV-PG
7592,TV-MA
7593,PG
7594,R
7595,TV-Y7
7596,TV-PG
7597,TV-PG
7598,NR
7599,TV-14
7600,TV-G
7601,TV-G
7602,TV-PG
7603,TV-PG
7604,TV-PG
7605,TV-G
7606,TV-14
7607,TV-G
7608,TV-PG
7609,TV-PG
7610,TV-14
7611,TV-PG
7612,TV-PG
7613,TV-PG
7614,TV-PG
7615,TV-G
7616,TV-PG
7617,TV-PG
7618,TV-PG
7619,TV-G
7620,PG-13
7621,PG-13
7622,TV-MA
7623,R
7624,TV-MA
7625,TV-MA
7626,TV-PG
7627,TV-MA
7628,TV-MA
7629,TV-MA
7630,TV-14
7631,NR
7632,TV-MA
7633,TV-MA
7634,R
7635,R
7636,G
7637,R
7638,TV-PG
7639,PG-13
7640,PG-13
7641,TV-14
7642,TV-MA
7643,R
7644,TV-MA
7645,TV-MA
7646,TV-MA
7647,TV-Y7-FV
7648,TV-14
7649,TV-PG
7650,TV-Y
7651,TV-MA
7652,TV-14
7653,TV-14
7654,TV-14
7655,TV-14
7656,TV-PG
7657,TV-MA
7658,TV-PG
7659,TV-MA
7660,PG-13
7661,TV-PG
7662,PG
7663,TV-G
7664,TV-MA
7665,TV-MA
7666,TV-MA
7667,TV-PG
7668,R
7669,TV-MA
7670,PG
7671,NR
7672,TV-14
7673,TV-MA
7674,TV-MA
7675,TV-PG
7676,TV-PG
7677,TV-MA
7678,TV-MA
7679,TV-MA
7680,TV-PG
7681,TV-14
7682,TV-MA
7683,TV-PG
7684,TV-MA
7685,PG-13
7686,TV-PG
7687,TV-MA
7688,TV-MA
7689,TV-14
7690,TV-Y
7691,PG-13
7692,TV-14
7693,NR
7694,TV-14
7695,TV-MA
7696,R
7697,R
7698,TV-PG
7699,TV-Y
7700,TV-14
7701,TV-MA
7702,R
7703,TV-PG
7704,TV-MA
7705,R
7706,TV-14
7707,TV-14
7708,TV-PG
7709,R
7710,TV-14
7711,TV-14
7712,R
7713,TV-PG
7714,TV-14
7715,R
7716,TV-MA
7717,PG
7718,TV-14
7719,TV-14
7720,TV-14
7721,TV-MA
7722,TV-PG
7723,TV-PG
7724,TV-MA
7725,PG
7726,TV-MA
7727,TV-MA
7728,TV-MA
7729,R
7730,TV-14
7731,R
7732,TV-MA
7733,PG
7734,TV-MA
7735,PG
7736,PG-13
7737,TV-14
7738,TV-MA
7739,TV-14
7740,TV-14
7741,TV-PG
7742,TV-MA
7743,TV-PG
7744,TV-14
7745,TV-MA
7746,TV-MA
7747,TV-MA
7748,TV-G
7749,TV-PG
7750,TV-14
7751,TV-MA
7752,R
7753,TV-14
7754,TV-MA
7755,PG
7756,PG
7757,TV-14
7758,TV-MA
7759,TV-MA
7760,TV-14
7761,TV-Y7
7762,TV-Y7
7763,TV-Y7
7764,TV-Y7
7765,TV-Y7
7766,TV-Y7
7767,TV-Y7
7768,TV-Y7
7769,TV-Y7
7770,TV-Y7
7771,TV-Y7
7772,TV-Y7
7773,TV-Y7
7774,TV-Y7
7775,TV-Y7
7776,TV-Y7
7777,TV-Y7
7778,TV-Y7
7779,TV-Y7
7780,TV-Y7
7781,TV-Y7
7782,TV-Y7
7783,TV-Y7
7784,TV-Y7
7785,TV-Y7
7786,TV-Y7
7787,TV-Y7
7788,TV-Y7
7789,TV-Y7
7790,TV-MA
7791,TV-14
7792,TV-14
7793,NR
7794,R
7795,TV-14
7796,TV-Y
7797,TV-MA
7798,TV-MA
7799,TV-PG
7800,TV-MA
7801,TV-MA
7802,TV-14
7803,R
7804,TV-14
7805,R
7806,TV-14
7807,TV-14
7808,TV-MA
7809,TV-MA
7810,PG-13
7811,TV-MA
7812,PG-13
7813,TV-MA
7814,TV-14
7815,PG
7816,TV-14
7817,PG
7818,R
7819,TV-MA
7820,TV-PG
7821,R
7822,TV-14
7823,NR
7824,TV-14
7825,TV-14
7826,TV-PG
7827,PG
7828,TV-14
7829,TV-14
7830,TV-PG
7831,TV-14
7832,TV-MA
7833,TV-MA
7834,TV-14
7835,NR
7836,TV-14
7837,TV-14
7838,TV-PG
7839,TV-MA
7840,PG-13
7841,TV-14
7842,TV-MA
7843,TV-MA
7844,TV-MA
7845,PG-13
7846,TV-14
7847,TV-PG
7848,NR
7849,TV-PG
7850,TV-MA
7851,TV-MA
7852,R
7853,TV-PG
7854,R
7855,PG-13
7856,PG-13
7857,TV-14
7858,R
7859,TV-MA
7860,TV-MA
7861,R
7862,NR
7863,TV-MA
7864,R
7865,TV-PG
7866,R
7867,NR
7868,TV-MA
7869,R
7870,TV-14
7871,TV-MA
7872,TV-MA
7873,TV-14
7874,TV-MA
7875,TV-14
7876,TV-14
7877,TV-14
7878,TV-14
7879,TV-MA
7880,PG
7881,PG
7882,PG
7883,PG
7884,PG-13
7885,R
7886,TV-MA
7887,TV-MA
7888,TV-MA
7889,TV-14
7890,R
7891,TV-MA
7892,TV-Y7
7893,TV-14
7894,TV-PG
7895,R
7896,R
7897,TV-PG
7898,TV-PG
7899,TV-MA
7900,TV-MA
7901,R
7902,PG-13
7903,TV-14
7904,PG
7905,TV-14
7906,TV-14
7907,TV-14
7908,PG
7909,NR
7910,NR
7911,TV-14
7912,TV-MA
7913,PG-13
7914,TV-14
7915,TV-MA
7916,TV-MA
7917,TV-14
7918,TV-14
7919,TV-PG
7920,TV-MA
7921,R
7922,TV-MA
7923,TV-14
7924,TV-PG
7925,TV-14
7926,TV-MA
7927,TV-PG
7928,TV-14
7929,PG-13
7930,TV-Y
7931,TV-14
7932,TV-14
7933,TV-14
7934,TV-PG
7935,TV-G
7936,PG-13
7937,TV-14
7938,TV-PG
7939,TV-14
7940,TV-14
7941,TV-14
7942,TV-MA
7943,TV-PG
7944,TV-14
7945,TV-14
7946,TV-MA
7947,TV-MA
7948,TV-MA
7949,TV-G
7950,PG-13
7951,R
7952,R
7953,PG
7954,TV-14
7955,TV-PG
7956,R
7957,PG-13
7958,R
7959,R
7960,TV-PG
7961,PG-13
7962,R
7963,R
7964,TV-MA
7965,PG
7966,PG-13
7967,PG-13
7968,TV-PG
7969,TV-14
7970,PG-13
7971,TV-PG
7972,TV-PG
7973,TV-PG
7974,TV-PG
7975,TV-PG
7976,TV-14
7977,TV-PG
7978,TV-PG
7979,TV-PG
7980,TV-PG
7981,TV-14
7982,PG-13
7983,TV-MA
7984,TV-MA
7985,TV-14
7986,R
7987,R
7988,R
7989,UR
7990,R
7991,TV-MA
7992,TV-MA
7993,TV-14
7994,TV-14
7995,TV-MA
7996,TV-14
7997,TV-PG
7998,TV-14
7999,PG-13
8000,TV-14
8001,TV-PG
8002,R
8003,TV-14
8004,PG-13
8005,TV-MA
8006,TV-Y
8007,TV-Y
8008,TV-Y
8009,TV-14
8010,R
8011,PG
8012,TV-MA
8013,TV-14
8014,TV-MA
8015,TV-MA
8016,TV-Y
8017,TV-G
8018,TV-MA
8019,R
8020,TV-PG
8021,TV-MA
8022,TV-14
8023,TV-MA
8024,TV-14
8025,TV-PG
8026,PG-13
8027,TV-MA
8028,TV-MA
8029,R
8030,R
8031,TV-14
8032,TV-14
8033,PG-13
8034,TV-MA
8035,TV-G
8036,PG-13
8037,R
8038,PG
8039,R
8040,R
8041,TV-MA
8042,R
8043,PG-13
8044,R
8045,TV-MA
8046,PG-13
8047,R
8048,TV-14
8049,TV-MA
8050,TV-MA
8051,NR
8052,PG-13
8053,PG-13
8054,R
8055,TV-MA
8056,PG-13
8057,R
8058,NR
8059,TV-MA
8060,PG
8061,TV-MA
8062,NR
8063,TV-Y
8064,PG
8065,TV-MA
8066,PG-13
8067,TV-14
8068,PG-13
8069,PG
8070,TV-14
8071,TV-Y
8072,R
8073,R
8074,TV-MA
8075,PG
8076,PG
8077,PG
8078,TV-MA
8079,TV-MA
8080,TV-14
8081,R
8082,TV-14
8083,PG-13
8084,TV-14
8085,TV-MA
8086,TV-MA
8087,TV-PG
8088,R
8089,TV-14
8090,R
8091,TV-14
8092,TV-MA
8093,TV-PG
8094,TV-PG
8095,TV-Y7
8096,PG-13
8097,NR
8098,TV-MA
8099,TV-PG
8100,TV-MA
8101,PG-13
8102,PG-13
8103,TV-Y
8104,PG
8105,TV-MA
8106,R
8107,R
8108,TV-14
8109,NR
8110,TV-PG
8111,PG
8112,TV-MA
8113,NR
8114,TV-MA
8115,TV-14
8116,TV-MA
8117,TV-MA
8118,TV-MA
8119,TV-MA
8120,TV-MA
8121,TV-MA
8122,TV-Y
8123,TV-Y7
8124,TV-MA
8125,TV-PG
8126,TV-Y
8127,R
8128,R
8129,PG-13
8130,TV-PG
8131,PG-13
8132,TV-14
8133,TV-MA
8134,TV-MA
8135,TV-MA
8136,TV-G
8137,TV-PG
8138,TV-14
8139,R
8140,R
8141,R
8142,TV-MA
8143,R
8144,TV-PG
8145,TV-PG
8146,TV-14
8147,R
8148,TV-14
8149,TV-MA
8150,TV-MA
8151,TV-MA
8152,G
8153,G
8154,TV-14
8155,TV-Y7
8156,TV-14
8157,TV-PG
8158,TV-MA
8159,PG
8160,PG
8161,PG
8162,TV-PG
8163,TV-Y7
8164,TV-MA
8165,TV-MA
8166,TV-PG
8167,R
8168,PG-13
8169,TV-PG
8170,TV-MA
8171,TV-PG
8172,TV-MA
8173,TV-Y7
8174,TV-MA
8175,TV-14
8176,TV-MA
8177,TV-MA
8178,TV-MA
8179,TV-14
8180,R
8181,TV-PG
8182,TV-Y7
8183,TV-Y7
8184,PG
8185,PG
8186,TV-MA
8187,TV-MA
8188,PG-13
8189,R
8190,TV-G
8191,PG
8192,TV-MA
8193,TV-14
8194,TV-PG
8195,TV-MA
8196,R
8197,R
8198,R
8199,R
8200,TV-14
8201,TV-14
8202,TV-MA
8203,TV-MA
8204,TV-14
8205,TV-MA
8206,TV-14
8207,TV-MA
8208,TV-PG
8209,TV-14
8210,TV-PG
8211,TV-MA
8212,TV-MA
8213,R
8214,R
8215,TV-G
8216,TV-14
8217,TV-MA
8218,R
8219,TV-MA
8220,PG-13
8221,PG-13
8222,PG-13
8223,PG-13
8224,R
8225,TV-MA
8226,PG-13
8227,PG-13
8228,TV-14
8229,PG-13
8230,PG-13
8231,TV-MA
8232,TV-14
8233,PG-13
8234,TV-MA
8235,TV-14
8236,TV-MA
8237,R
8238,PG
8239,TV-MA
8240,TV-PG
8241,TV-MA
8242,TV-14
8243,R
8244,TV-14
8245,TV-MA
8246,TV-14
8247,TV-MA
8248,PG
8249,TV-PG
8250,TV-14
8251,TV-PG
8252,R
8253,TV-14
8254,PG-13
8255,TV-MA
8256,TV-14
8257,R
8258,TV-14
8259,PG
8260,R
8261,TV-PG
8262,R
8263,TV-PG
8264,R
8265,TV-14
8266,TV-MA
8267,PG
8268,TV-MA
8269,TV-MA
8270,TV-MA
8271,TV-MA
8272,TV-Y7
8273,R
8274,TV-14
8275,TV-14
8276,TV-PG
8277,R
8278,TV-14
8279,TV-14
8280,TV-MA
8281,TV-PG
8282,TV-MA
8283,TV-MA
8284,R
8285,PG-13
8286,R
8287,TV-MA
8288,TV-PG
8289,R
8290,TV-MA
8291,TV-MA
8292,R
8293,R
8294,TV-MA
8295,TV-MA
8296,TV-MA
8297,R
8298,TV-14
8299,R
8300,TV-14
8301,TV-MA
8302,PG
8303,TV-MA
8304,R
8305,PG
8306,PG
8307,TV-MA
8308,PG-13
8309,TV-MA
8310,R
8311,TV-MA
8312,TV-14
8313,PG-13
8314,TV-PG
8315,R
8316,TV-Y
8317,TV-PG
8318,TV-14
8319,TV-MA
8320,TV-MA
8321,R
8322,TV-G
8323,TV-MA
8324,PG-13
8325,TV-MA
8326,R
8327,TV-14
8328,TV-14
8329,TV-14
8330,TV-14
8331,TV-MA
8332,TV-PG
8333,TV-14
8334,R
8335,NR
8336,PG-13
8337,TV-MA
8338,R
8339,PG-13
8340,TV-14
8341,TV-MA
8342,PG-13
8343,TV-MA
8344,TV-MA
8345,TV-MA
8346,R
8347,TV-14
8348,TV-PG
8349,TV-14
8350,TV-PG
8351,TV-PG
8352,R
8353,PG
8354,TV-PG
8355,PG-13
8356,PG-13
8357,PG-13
8358,TV-MA
8359,TV-MA
8360,TV-G
8361,PG
8362,PG
8363,R
8364,TV-MA
8365,TV-MA
8366,PG-13
8367,TV-MA
8368,TV-MA
8369,TV-MA
8370,PG-13
8371,TV-14
8372,TV-PG
8373,PG-13
8374,TV-Y7
8375,TV-PG
8376,PG-13
8377,TV-PG
8378,R
8379,TV-MA
8380,TV-MA
8381,PG
8382,PG
8383,TV-MA
8384,R
8385,PG-13
8386,R
8387,TV-MA
8388,TV-PG
8389,TV-14
8390,PG
8391,TV-MA
8392,TV-14
8393,TV-14
8394,R
8395,PG
8396,PG
8397,R
8398,TV-14
8399,R
8400,R
8401,TV-PG
8402,R
8403,PG
8404,PG-13
8405,PG-13
8406,PG-13
8407,PG-13
8408,TV-14
8409,TV-14
8410,TV-14
8411,TV-PG
8412,TV-PG
8413,TV-14
8414,PG-13
8415,R
8416,R
8417,R
8418,TV-14
8419,TV-MA
8420,TV-PG
8421,R
8422,TV-14
8423,TV-PG
8424,TV-G
8425,TV-MA
8426,TV-MA
8427,R
8428,TV-MA
8429,TV-MA
8430,TV-MA
8431,PG
8432,TV-MA
8433,TV-PG
8434,PG-13
8435,PG-13
8436,PG
8437,TV-14
8438,TV-MA
8439,TV-MA
8440,TV-14
8441,TV-14
8442,PG
8443,TV-14
8444,R
8445,TV-PG
8446,PG-13
8447,R
8448,NR
8449,R
8450,PG-13
8451,TV-14
8452,PG-13
8453,PG-13
8454,R
8455,PG
8456,G
8457,R
8458,PG
8459,R
8460,TV-MA
8461,TV-MA
8462,G
8463,TV-14
8464,TV-MA
8465,R
8466,PG
8467,G
8468,TV-MA
8469,TV-14
8470,PG-13
8471,TV-MA
8472,TV-PG
8473,TV-PG
8474,PG-13
8475,TV-14
8476,TV-PG
8477,TV-MA
8478,TV-PG
8479,TV-MA
8480,TV-14
8481,TV-MA
8482,TV-14
8483,TV-MA
8484,TV-MA
8485,TV-MA
8486,TV-14
8487,PG-13
8488,R
8489,NR
8490,PG-13
8491,TV-14
8492,TV-MA
8493,PG-13
8494,R
8495,R
8496,R
8497,R
8498,PG-13
8499,R
8500,PG-13
8501,TV-G
8502,PG
8503,R
8504,TV-PG
8505,TV-MA
8506,TV-MA
8507,TV-14
8508,PG-13
8509,NR
8510,TV-14
8511,TV-MA
8512,PG-13
8513,PG-13
8514,R
8515,TV-MA
8516,PG
8517,TV-MA
8518,R
8519,TV-14
8520,TV-14
8521,TV-14
8522,TV-MA
8523,R
8524,TV-Y7
8525,TV-14
8526,R
8527,R
8528,R
8529,TV-14
8530,TV-14
8531,TV-G
8532,PG-13
8533,PG-13
8534,TV-MA
8535,R
8536,R
8537,TV-MA
8538,R
8539,TV-14
8540,TV-MA
8541,PG-13
8542,TV-14
8543,R
8544,TV-MA
8545,TV-MA
8546,TV-14
8547,TV-MA
8548,PG-13
8549,PG-13
8550,TV-MA
8551,TV-14
8552,TV-14
8553,R
8554,PG
8555,PG-13
8556,TV-PG
8557,TV-14
8558,TV-14
8559,R
8560,TV-14
8561,TV-MA
8562,TV-MA
8563,TV-PG
8564,TV-MA
8565,PG-13
8566,TV-PG
8567,TV-14
8568,TV-PG
8569,TV-MA
8570,TV-14
8571,TV-PG
8572,TV-14
8573,PG-13
8574,TV-14
8575,TV-14
8576,TV-14
8577,TV-PG
8578,NR
8579,TV-MA
8580,TV-MA
8581,PG-13
8582,TV-Y7
8583,NR
8584,NR
8585,TV-MA
8586,TV-14
8587,TV-MA
8588,TV-PG
8589,TV-14
8590,TV-14
8591,TV-MA
8592,TV-14
8593,TV-14
8594,TV-14
8595,G
8596,TV-14
8597,TV-Y
8598,TV-14
8599,PG-13
8600,TV-MA
8601,TV-Y7
8602,TV-14
8603,TV-Y7
8604,PG-13
8605,TV-14
8606,TV-MA
8607,TV-14
8608,PG-13
8609,NR
8610,TV-MA
8611,PG-13
8612,TV-MA
8613,TV-MA
8614,TV-MA
8615,R
8616,PG-13
8617,PG-13
8618,R
8619,R
8620,TV-G
8621,TV-PG
8622,PG-13
8623,PG-13
8624,PG
8625,PG-13
8626,PG-13
8627,PG-13
8628,R
8629,TV-14
8630,TV-PG
8631,TV-MA
8632,TV-MA
8633,TV-MA
8634,TV-MA
8635,TV-MA
8636,G
8637,R
8638,R
8639,R
8640,TV-PG
8641,TV-14
8642,PG
8643,R
8644,TV-14
8645,TV-14
8646,TV-MA
8647,TV-Y
8648,TV-14
8649,TV-MA
8650,R
8651,TV-14
8652,R
8653,NR
8654,TV-14
8655,R
8656,PG
8657,TV-MA
8658,TV-14
8659,R
8660,PG-13
8661,TV-PG
8662,PG-13
8663,TV-14
8664,TV-14
8665,R
8666,TV-MA
8667,TV-14
8668,R
8669,R
8670,TV-G
8671,PG-13
8672,TV-14
8673,TV-14
8674,TV-14
8675,NR
8676,PG-13
8677,R
8678,TV-PG
8679,R
8680,TV-Y7
8681,TV-14
8682,TV-14
8683,NR
8684,TV-14
8685,TV-Y
8686,TV-MA
8687,TV-MA
8688,TV-14
8689,TV-MA
8690,R
8691,TV-14
8692,R
8693,TV-PG
8694,PG-13
8695,R
8696,TV-14
8697,PG-13
8698,R
8699,TV-14
8700,TV-14
8701,TV-MA
8702,PG
8703,TV-G
8704,R
8705,TV-14
8706,TV-MA
8707,R
8708,TV-PG
8709,TV-MA
8710,TV-MA
8711,TV-MA
8712,TV-MA
8713,TV-PG
8714,TV-MA
8715,TV-Y7
8716,R
8717,TV-MA
8718,TV-MA
8719,TV-MA
8720,TV-14
8721,TV-14
8722,TV-14
8723,PG-13
8724,TV-14
8725,TV-14
8726,R
8727,TV-PG
8728,NR
8729,TV-14
8730,PG-13
8731,R
8732,R
8733,TV-MA
8734,TV-MA
8735,TV-MA
8736,R
8737,TV-14
8738,TV-14
8739,TV-MA
8740,TV-PG
8741,TV-PG
8742,TV-PG
8743,PG-13
8744,PG-13
8745,TV-MA
8746,G
8747,TV-14
8748,TV-G
8749,NR
8750,TV-MA
8751,R
8752,R
8753,TV-14
8754,TV-MA
8755,R
8756,TV-14
8757,TV-MA
8758,PG-13
8759,TV-PG
8760,TV-PG
8761,TV-MA
8762,TV-14
8763,TV-MA
8764,TV-PG
8765,PG-13
8766,R
8767,PG-13
8768,PG-13
8769,R
8770,TV-MA
8771,TV-14
8772,TV-14
8773,TV-14
8774,TV-PG
8775,TV-14
8776,TV-PG
8777,PG
8778,TV-PG
8779,TV-PG
8780,TV-PG
8781,TV-Y7
8782,TV-Y7
8783,PG-13
8784,TV-Y
8785,TV-Y
8786,TV-Y7
8787,TV-G
8788,TV-PG
8789,TV-MA
8790,TV-PG
8791,UR
8792,R
8793,NR
8794,PG
8795,TV-14
8796,TV-Y7
8797,TV-PG
8798,TV-Y7
8799,TV-MA
8800,TV-14
8801,TV-PG
8802,TV-MA
8803,R
8804,TV-Y7
8805,R
8806,PG
8807,TV-14
